System,User,Operation,Object,Date,Time
SALES,mwarzycha,SELECT,ORDERS,2020-01-01,09:01:33
PM,ktarnows,LOGOFF,none,2020-01-01,09:01:46
SALES,apuzon,SELECT,PRODUCTS,2020-01-01,09:02:57
PM,sbaszel,INSERT,PAYMENTS,2020-01-01,09:03:03
PM,app,LOGOFF,none,2020-01-01,09:03:19
SALES,ktarnows,INSERT,WAREHOUSES,2020-01-01,09:03:53
PM,amaly,LOGON,none,2020-01-01,09:04:30
PM,amaly,LOGON,none,2020-01-01,09:04:43
PM,amaly,LOGON,none,2020-01-01,09:05:40
PM,app,DROP USER,none,2020-01-01,09:06:55
PM,rbielik,LOGOFF,none,2020-01-01,09:07:22
PM,sbaszel,LOGOFF,none,2020-01-01,09:08:24
PM,app,INSERT,PAYMENTS,2020-01-01,09:09:23
PM,gnyski,LOGOFF,none,2020-01-01,09:10:08
PM,gostrow,UPDATE,CLIENTS,2020-01-01,09:11:09
SALES,tlalka,UPDATE,ORDERS,2020-01-01,09:11:33
PM,sbaszel,LOGOFF,none,2020-01-01,09:11:40
PM,sbaszel,DELETE,PAYMENTS,2020-01-01,09:12:29
PM,gnyski,SELECT,PROJECTS,2020-01-01,09:12:38
PM,kuszka,LOGOFF,none,2020-01-01,09:13:46
PM,apuzon,SELECT,CLIENTS,2020-01-01,09:14:15
PM,amaly,LOGON,none,2020-01-01,09:16:40
PM,apuzon,LOGOFF,none,2020-01-01,09:17:13
PM,gnyski,DELETE,PROJECT_DETAILS,2020-01-01,09:17:43
PM,amaly,LOGON,none,2020-01-01,09:18:40
PM,app,SELECT,TASKS,2020-01-01,09:18:54
PM,mwarzycha,LOGOFF,none,2020-01-01,09:19:51
PM,apuzon,SELECT,TASKS,2020-01-01,09:20:18
PM,gostrow,LOGOFF,none,2020-01-01,09:20:37
PM,aosinska,CREATE ROLE,none,2020-01-01,09:22:53
PM,mwarzycha,LOGOFF,none,2020-01-01,09:23:26
PM,sbaszel,LOGOFF,none,2020-01-01,09:24:08
PM,sbaszel,SET ROLE,none,2020-01-01,09:24:10
SALES,kespiel,INSERT,ORDERS,2020-01-01,09:24:11
PM,mwyjko,SELECT,ASSIGNMENTS,2020-01-01,09:24:45
PM,kuszka,DELETE,PROJECTS,2020-01-01,09:24:49
PM,app,INSERT,PROJECT_CATEGORY,2020-01-01,09:25:13
SALES,mwarzycha,SELECT,PRODUCTS,2020-01-01,09:26:31
PM,amaly,LOGON,none,2020-01-01,09:26:36
PM,tlalka,SET ROLE,none,2020-01-01,09:28:12
PM,mwarzycha,LOGOFF,none,2020-01-01,09:28:39
PM,mjarcinska,LOGOFF,none,2020-01-01,09:28:44
PM,apuzon,SELECT,CUSTOMERS,2020-01-01,09:28:45
PM,gnyski,DELETE,PROJECT_STATUS,2020-01-01,09:29:23
PM,sbaszel,ALTER,DEPARTMENTS,2020-01-01,09:29:35
PM,amaly,LOGON,none,2020-01-01,09:30:07
PM,apuzon,LOGOFF,none,2020-01-01,09:30:37
PM,pskala,ALTER,DIVISIONS,2020-01-01,09:31:44
PM,amaly,LOGON,none,2020-01-01,09:32:26
SALES,rbielik,INSERT,ORDERS,2020-01-01,09:32:29
SALES,mwarzycha,SELECT,WAREHOUSES,2020-01-01,09:34:03
PM,amaly,LOGON,none,2020-01-01,09:34:17
PM,sbaszel,LOGOFF,none,2020-01-01,09:35:07
PM,zfenicki,LOGOFF,none,2020-01-01,09:35:39
PM,app,INSERT,PROJECTS,2020-01-01,09:38:05
PM,app,DELETE,CUSTOMERS,2020-01-01,09:38:29
PM,mszkopianski,LOGOFF,none,2020-01-01,09:41:38
PM,mwarzycha,LOGOFF,none,2020-01-01,09:42:26
SALES,aosinska,SELECT,WAREHOUSES,2020-01-01,09:42:40
PM,mwarzycha,LOGOFF,none,2020-01-01,09:43:02
PM,kuszka,DELETE,PROJECT_STATUS,2020-01-01,09:43:32
PM,mjarcinska,INSERT,EMPLOYEES,2020-01-01,09:44:36
PM,mjarcinska,LOGOFF,none,2020-01-01,09:45:44
PM,gnyski,LOGOFF,none,2020-01-01,09:46:21
PM,sbaszel,LOGOFF,none,2020-01-01,09:46:48
PM,amaly,LOGON,none,2020-01-01,09:47:36
SALES,ktarnows,UPDATE,WAREHOUSES,2020-01-01,09:48:18
PM,amaly,LOGON,none,2020-01-01,09:48:23
PM,app,LOGOFF,none,2020-01-01,09:49:59
PM,amaly,LOGON,none,2020-01-01,09:51:07
SALES,mwarzycha,UPDATE,ORDERS,2020-01-01,09:51:31
PM,aosinska,LOGOFF,none,2020-01-01,09:52:24
PM,amaly,LOGON,none,2020-01-01,09:52:25
SALES,aosinska,DELETE,WAREHOUSES,2020-01-01,09:53:20
SALES,kespiel,INSERT,WAREHOUSES,2020-01-01,09:54:55
PM,gnyski,DELETE,PAYMENTS,2020-01-01,09:55:59
PM,apuzon,INSERT,CLIENTS,2020-01-01,09:56:27
PM,ktarnows,UPDATE,CLIENTS,2020-01-01,09:58:05
SALES,kespiel,INSERT,ORDERS,2020-01-01,09:58:06
PM,mwarzycha,DELETE,ASSIGNMENTS,2020-01-01,09:58:27
PM,gnyski,LOGOFF,none,2020-01-01,09:58:43
SALES,rbielik,UPDATE,DISTRIBUTORS,2020-01-01,09:59:27
PM,mszkopianski,UPDATE,PAYMENTS,2020-01-01,10:00:06
SALES,aosinska,SELECT,PRODUCTS,2020-01-01,10:03:37
PM,sbaszel,LOGOFF,none,2020-01-01,10:05:09
PM,gostrow,SET ROLE,none,2020-01-01,10:05:23
PM,gnyski,SELECT,TASKS,2020-01-01,10:06:31
PM,ktarnows,LOGOFF,none,2020-01-01,10:06:50
PM,sbaszel,INSERT,PROJECT_CATEGORY,2020-01-01,10:06:51
PM,jsmidt,LOGON,none,2020-01-01,10:07:12
PM,mwarzycha,LOGOFF,none,2020-01-01,10:08:04
PM,gnyski,SELECT,ASSIGNMENTS,2020-01-01,10:08:06
PM,sbaszel,LOGOFF,none,2020-01-01,10:09:37
PM,ktarnows,SELECT,CUSTOMERS,2020-01-01,10:11:46
SALES,aosinska,SELECT,DISTRIBUTORS,2020-01-01,10:12:18
PM,mwarzycha,SELECT,TASKS,2020-01-01,10:12:44
PM,amaly,LOGON,none,2020-01-01,10:13:26
PM,app,DELETE,PROJECTS,2020-01-01,10:13:43
SALES,apuzon,SELECT,ORDERS,2020-01-01,10:16:27
PM,apuzon,LOGOFF,none,2020-01-01,10:17:54
PM,ktarnows,DROP USER,none,2020-01-01,10:17:55
PM,apuzon,DELETE,PROJECT_TYPE,2020-01-01,10:18:26
PM,ktarnows,LOGOFF,none,2020-01-01,10:18:34
PM,kuszka,LOGOFF,none,2020-01-01,10:18:53
PM,mwarzycha,LOGOFF,none,2020-01-01,10:19:14
PM,mwarzycha,INSERT,PROJECT_DETAILS,2020-01-01,10:21:00
SALES,kespiel,SELECT,DISTRIBUTORS,2020-01-01,10:21:18
PM,zfenicki,SELECT,ASSIGNMENTS,2020-01-01,10:21:42
SALES,apuzon,SELECT,DISTRIBUTORS,2020-01-01,10:22:02
PM,app,UPDATE,CLIENTS,2020-01-01,10:26:24
PM,amaly,LOGON,none,2020-01-01,10:27:39
PM,apuzon,DELETE,DEPARTMENTS,2020-01-01,10:28:11
SALES,apuzon,INSERT,WAREHOUSES,2020-01-01,10:28:37
PM,ktarnows,LOGOFF,none,2020-01-01,10:29:08
PM,ktarnows,CREATE TABLE,none,2020-01-01,10:29:44
PM,amaly,LOGON,none,2020-01-01,10:34:30
PM,mwarzycha,LOGOFF,none,2020-01-01,10:34:34
PM,zkrepy,LOGON,none,2020-01-01,10:34:47
PM,rbielik,LOGOFF,none,2020-01-01,10:36:26
PM,aosinska,CREATE ROLE,none,2020-01-01,10:36:38
PM,amaly,LOGON,none,2020-01-01,10:38:30
PM,amaly,LOGON,none,2020-01-01,10:38:40
PM,mszkopianski,LOGOFF,none,2020-01-01,10:40:14
PM,aosinska,SET ROLE,none,2020-01-01,10:40:52
PM,zfenicki,LOGOFF,none,2020-01-01,10:41:09
PM,kespiel,LOGOFF,none,2020-01-01,10:41:15
PM,sbaszel,SELECT,SKILLS,2020-01-01,10:41:42
SALES,kuszka,ALTER,PRODUCTS,2020-01-01,10:43:11
PM,amaly,LOGON,none,2020-01-01,10:43:29
SALES,gnyski,UPDATE,PRODUCTS,2020-01-01,10:43:51
SALES,apuzon,INSERT,WAREHOUSES,2020-01-01,10:45:46
PM,amaly,LOGON,none,2020-01-01,10:48:14
PM,amaly,LOGON,none,2020-01-01,10:50:15
PM,kuszka,LOGOFF,none,2020-01-01,10:50:23
PM,gostrow,LOGOFF,none,2020-01-01,10:50:43
PM,amaly,LOGON,none,2020-01-01,10:50:51
SALES,mwarzycha,UPDATE,WAREHOUSES,2020-01-01,10:54:04
PM,zkrepy,LOGON,none,2020-01-01,10:54:18
PM,apuzon,LOGOFF,none,2020-01-01,10:54:24
PM,app,DELETE,PAYMENTS,2020-01-01,10:54:31
PM,amaly,LOGON,none,2020-01-01,10:55:25
SALES,aosinska,SELECT,DISTRIBUTORS,2020-01-01,10:55:47
PM,jsmidt,LOGON,none,2020-01-01,10:55:55
SALES,kespiel,INSERT,ORDERS,2020-01-01,10:56:35
PM,rbielik,LOGOFF,none,2020-01-01,10:57:37
PM,app,LOGOFF,none,2020-01-01,10:57:44
PM,amaly,LOGON,none,2020-01-01,10:58:44
PM,rbielik,DELETE,DIVISIONS,2020-01-01,10:59:38
PM,amaly,LOGON,none,2020-01-01,11:00:20
PM,kespiel,UPDATE,PAYMENTS,2020-01-01,11:01:58
PM,app,LOGOFF,none,2020-01-01,11:03:39
PM,amaly,LOGON,none,2020-01-01,11:04:44
PM,amaly,LOGON,none,2020-01-01,11:05:09
PM,apuzon,LOGOFF,none,2020-01-01,11:05:52
PM,rbielik,LOGOFF,none,2020-01-01,11:06:26
PM,ktarnows,SET ROLE,none,2020-01-01,11:07:00
PM,zfenicki,SELECT,PAYMENTS,2020-01-01,11:07:12
PM,mwarzycha,LOGOFF,none,2020-01-01,11:07:59
PM,mwarzycha,SELECT,TASKS,2020-01-01,11:11:15
SALES,mszkopianski,SELECT,WAREHOUSES,2020-01-01,11:11:57
PM,kuszka,UPDATE,CLIENTS,2020-01-01,11:12:32
SALES,rbielik,UPDATE,ORDERS,2020-01-01,11:12:52
PM,mjarcinska,LOGOFF,none,2020-01-01,11:13:05
SALES,adynka,UPDATE,ORDERS,2020-01-01,11:13:57
PM,kespiel,DELETE,PROJECT_DETAILS,2020-01-01,11:15:16
PM,apuzon,LOGOFF,none,2020-01-01,11:16:03
PM,pskala,LOGOFF,none,2020-01-01,11:16:54
PM,ktarnows,LOGOFF,none,2020-01-01,11:17:00
PM,app,LOGOFF,none,2020-01-01,11:17:36
PM,amaly,LOGON,none,2020-01-01,11:19:10
PM,rbielik,LOGOFF,none,2020-01-01,11:21:15
PM,mjarcinska,LOGOFF,none,2020-01-01,11:22:44
SALES,kuszka,SELECT,WAREHOUSES,2020-01-01,11:22:58
SALES,ktarnows,DELETE,ORDERS,2020-01-01,11:23:48
PM,mwyjko,CREATE TABLE,none,2020-01-01,11:25:26
PM,mwyjko,LOGOFF,none,2020-01-01,11:27:14
SALES,sbaszel,SELECT,ORDERS,2020-01-01,11:27:19
PM,aosinska,LOGOFF,none,2020-01-01,11:28:26
SALES,mszkopianski,SELECT,PRODUCTS,2020-01-01,11:29:19
SALES,rbielik,DELETE,ORDERS,2020-01-01,11:29:47
SALES,gostrow,SELECT,ORDERS,2020-01-01,11:30:12
PM,amaly,LOGON,none,2020-01-01,11:30:36
PM,apuzon,INSERT,CUSTOMERS,2020-01-01,11:31:02
PM,mwarzycha,INSERT,PROJECT_CATEGORY,2020-01-01,11:32:52
SALES,app,SELECT,DISTRIBUTORS,2020-01-01,11:33:10
PM,aosinska,LOGOFF,none,2020-01-01,11:33:34
PM,rbielik,INSERT,PROJECTS,2020-01-01,11:34:03
PM,apuzon,DELETE,CLIENTS,2020-01-01,11:34:32
PM,mwarzycha,LOGOFF,none,2020-01-01,11:36:16
PM,aosinska,CREATE ROLE,none,2020-01-01,11:37:58
PM,mwyjko,DELETE,DIVISIONS,2020-01-01,11:38:18
SALES,app,UPDATE,WAREHOUSES,2020-01-01,11:38:49
PM,rbielik,SELECT,PROJECTS,2020-01-01,11:40:23
PM,mwyjko,LOGOFF,none,2020-01-01,11:41:47
SALES,rbielik,SELECT,WAREHOUSES,2020-01-01,11:46:20
PM,mszkopianski,UPDATE,PROJECT_DETAILS,2020-01-01,11:47:11
PM,mjarcinska,LOGOFF,none,2020-01-01,11:49:07
PM,app,LOGOFF,none,2020-01-01,11:50:51
PM,mwyjko,SELECT,DEPARTMENTS,2020-01-01,11:51:42
PM,amaly,LOGON,none,2020-01-01,11:51:46
PM,kespiel,SELECT,ASSIGNMENTS,2020-01-01,11:52:03
PM,sbaszel,LOGOFF,none,2020-01-01,11:52:50
SALES,zfenicki,SELECT,WAREHOUSES,2020-01-01,11:53:10
PM,kuszka,CREATE ROLE,none,2020-01-01,11:53:14
PM,kuszka,INSERT,PAYMENTS,2020-01-01,11:54:14
PM,sbaszel,SELECT,PAYMENTS,2020-01-01,11:54:21
PM,aosinska,SELECT,DEPARTMENTS,2020-01-01,11:54:32
PM,ktarnows,UPDATE,PAYMENTS,2020-01-01,11:54:44
SALES,mwarzycha,ALTER,ORDERS,2020-01-01,11:54:58
PM,mjarcinska,CREATE ROLE,none,2020-01-01,11:55:37
PM,zfenicki,DROP USER,none,2020-01-01,11:56:01
PM,kespiel,SELECT,TASKS,2020-01-01,11:56:07
SALES,kuszka,SELECT,WAREHOUSES,2020-01-01,11:56:43
PM,apuzon,ALTER,DEPARTMENTS,2020-01-01,11:57:32
PM,aosinska,LOGOFF,none,2020-01-01,11:58:28
SALES,zfenicki,UPDATE,ORDERS,2020-01-01,12:00:22
PM,gostrow,SELECT,PAYMENTS,2020-01-01,12:00:37
PM,zkrepy,LOGON,none,2020-01-01,12:00:56
PM,sbaszel,SELECT,PROJECTS,2020-01-01,12:01:53
PM,tlalka,UPDATE,PROJECT_STATUS,2020-01-01,12:02:03
SALES,adynka,UPDATE,WAREHOUSES,2020-01-01,12:02:04
SALES,sbaszel,ALTER,WAREHOUSES,2020-01-01,12:02:53
PM,gostrow,DELETE,CLIENTS,2020-01-01,12:02:56
PM,amaly,LOGON,none,2020-01-01,12:03:46
PM,apuzon,LOGOFF,none,2020-01-01,12:04:35
PM,amaly,LOGON,none,2020-01-01,12:05:22
SALES,kespiel,DELETE,ORDERS,2020-01-01,12:06:00
PM,mwyjko,ALTER,TASKS,2020-01-01,12:06:16
PM,rbielik,LOGOFF,none,2020-01-01,12:06:38
PM,zfenicki,LOGOFF,none,2020-01-01,12:07:11
PM,ktarnows,DELETE,TASKS,2020-01-01,12:07:32
SALES,ktarnows,SELECT,ORDERS,2020-01-01,12:09:39
PM,rbielik,DELETE,DEPARTMENTS,2020-01-01,12:10:39
PM,amaly,LOGON,none,2020-01-01,12:11:18
PM,gostrow,UPDATE,CLIENTS,2020-01-01,12:11:34
PM,zfenicki,LOGOFF,none,2020-01-01,12:13:42
SALES,aosinska,SELECT,ORDERS,2020-01-01,12:17:41
PM,mszkopianski,SELECT,PAYMENTS,2020-01-01,12:17:42
SALES,mwarzycha,UPDATE,WAREHOUSES,2020-01-01,12:18:51
PM,rbielik,INSERT,PROJECT_STATUS,2020-01-01,12:18:58
PM,apuzon,SET ROLE,none,2020-01-01,12:20:42
PM,mjarcinska,LOGOFF,none,2020-01-01,12:21:14
PM,sbaszel,LOGOFF,none,2020-01-01,12:22:05
PM,gnyski,SELECT,ASSIGNMENTS,2020-01-01,12:22:26
PM,tlalka,CREATE ROLE,none,2020-01-01,12:24:13
PM,mwyjko,INSERT,PROJECT_TYPE,2020-01-01,12:24:14
PM,apuzon,LOGOFF,none,2020-01-01,12:26:01
PM,sbaszel,INSERT,PROJECT_DETAILS,2020-01-01,12:26:59
PM,mwarzycha,CREATE ROLE,none,2020-01-01,12:27:42
PM,ktarnows,CREATE ROLE,none,2020-01-01,12:28:47
PM,mszkopianski,SELECT,TASKS,2020-01-01,12:28:49
PM,mjarcinska,INSERT,PROJECT_CATEGORY,2020-01-01,12:29:11
SALES,aosinska,UPDATE,WAREHOUSES,2020-01-01,12:29:27
SALES,sbaszel,SELECT,PRODUCTS,2020-01-01,12:29:33
PM,app,DELETE,DIVISIONS,2020-01-01,12:30:00
PM,app,LOGOFF,none,2020-01-01,12:30:02
PM,kespiel,LOGOFF,none,2020-01-01,12:30:23
PM,apuzon,SELECT,TASKS,2020-01-01,12:30:56
PM,mwarzycha,DELETE,PROJECT_STATUS,2020-01-01,12:31:28
PM,kuszka,SET ROLE,none,2020-01-01,12:32:22
SALES,kespiel,UPDATE,PRODUCTS,2020-01-01,12:32:44
SALES,gnyski,SELECT,DISTRIBUTORS,2020-01-01,12:33:15
SALES,ktarnows,SELECT,WAREHOUSES,2020-01-01,12:33:46
SALES,app,DELETE,PRODUCTS,2020-01-01,12:34:06
PM,mwarzycha,UPDATE,PROJECT_STATUS,2020-01-01,12:34:25
PM,sbaszel,INSERT,CLIENTS,2020-01-01,12:34:26
PM,app,SELECT,CUSTOMERS,2020-01-01,12:34:53
PM,adynka,LOGOFF,none,2020-01-01,12:35:29
PM,ktarnows,LOGOFF,none,2020-01-01,12:36:25
PM,sbaszel,SELECT,CUSTOMERS,2020-01-01,12:36:29
PM,zfenicki,SELECT,PROJECT_CATEGORY,2020-01-01,12:36:33
PM,sbaszel,LOGOFF,none,2020-01-01,12:36:35
PM,gnyski,UPDATE,PAYMENTS,2020-01-01,12:37:28
SALES,ktarnows,INSERT,WAREHOUSES,2020-01-01,12:38:54
SALES,tlalka,UPDATE,ORDERS,2020-01-01,12:39:09
SALES,mwyjko,UPDATE,ORDERS,2020-01-01,12:40:52
PM,apuzon,DELETE,PROJECTS,2020-01-01,12:41:08
SALES,aosinska,SELECT,PRODUCTS,2020-01-01,12:44:34
PM,amaly,LOGON,none,2020-01-01,12:45:47
SALES,rbielik,DELETE,ORDERS,2020-01-01,12:47:29
PM,mjarcinska,LOGOFF,none,2020-01-01,12:47:43
SALES,sbaszel,UPDATE,WAREHOUSES,2020-01-01,12:48:59
PM,mszkopianski,UPDATE,PAYMENTS,2020-01-01,12:50:22
SALES,kuszka,UPDATE,WAREHOUSES,2020-01-01,12:50:35
SALES,mwarzycha,UPDATE,ORDERS,2020-01-01,12:51:19
PM,mwarzycha,DROP USER,none,2020-01-01,12:51:46
PM,zfenicki,LOGOFF,none,2020-01-01,12:54:15
SALES,mjarcinska,UPDATE,PRODUCTS,2020-01-01,12:57:36
SALES,mwarzycha,DELETE,ORDERS,2020-01-01,12:57:49
PM,app,INSERT,TASKS,2020-01-01,12:57:56
PM,apuzon,DROP USER,none,2020-01-01,12:58:02
PM,kespiel,ALTER,PROJECT_DETAILS,2020-01-01,12:58:22
PM,rbielik,ALTER,DIVISIONS,2020-01-01,12:59:10
PM,zkrepy,LOGON,none,2020-01-01,12:59:43
SALES,apuzon,SELECT,PRODUCTS,2020-01-01,12:59:49
SALES,ktarnows,DELETE,ORDERS,2020-01-01,12:59:55
SALES,ktarnows,SELECT,PRODUCTS,2020-01-01,13:00:17
PM,amaly,LOGON,none,2020-01-01,13:01:37
PM,ktarnows,UPDATE,PROJECT_CATEGORY,2020-01-01,13:03:17
PM,sbaszel,LOGOFF,none,2020-01-01,13:03:21
SALES,mszkopianski,DELETE,ORDERS,2020-01-01,13:05:09
SALES,mszkopianski,INSERT,WAREHOUSES,2020-01-01,13:06:10
SALES,apuzon,SELECT,ORDERS,2020-01-01,13:06:22
PM,zfenicki,UPDATE,PROJECT_TYPE,2020-01-01,13:07:05
PM,ktarnows,INSERT,DEPARTMENTS,2020-01-01,13:08:24
PM,tlalka,SELECT,PAYMENTS,2020-01-01,13:09:17
PM,gnyski,DROP USER,none,2020-01-01,13:10:22
PM,jsmidt,LOGON,none,2020-01-01,13:11:00
PM,adynka,CREATE ROLE,none,2020-01-01,13:12:26
PM,gnyski,LOGOFF,none,2020-01-01,13:12:50
PM,mjarcinska,LOGOFF,none,2020-01-01,13:13:57
PM,mwarzycha,SELECT,PROJECTS,2020-01-01,13:14:19
SALES,mszkopianski,DELETE,ORDERS,2020-01-01,13:15:40
PM,apuzon,DELETE,PROJECT_STATUS,2020-01-01,13:18:44
PM,apuzon,DELETE,CUSTOMERS,2020-01-01,13:19:28
SALES,kespiel,SELECT,WAREHOUSES,2020-01-01,13:20:08
PM,jsmidt,LOGON,none,2020-01-01,13:20:28
PM,apuzon,INSERT,SKILLS,2020-01-01,13:20:42
PM,sbaszel,SELECT,EMPLOYEES,2020-01-01,13:20:55
PM,amaly,LOGON,none,2020-01-01,13:22:12
PM,app,UPDATE,EMPLOYEES,2020-01-01,13:23:53
PM,anowotworski,UPDATE,CUSTOMERS,2020-01-01,13:24:24
PM,app,UPDATE,PROJECT_CATEGORY,2020-01-01,13:26:21
PM,app,UPDATE,ASSIGNMENTS,2020-01-01,13:28:09
PM,kespiel,LOGOFF,none,2020-01-01,13:28:40
SALES,ktarnows,UPDATE,ORDERS,2020-01-01,13:30:34
SALES,rbielik,DELETE,WAREHOUSES,2020-01-01,13:30:37
PM,ktarnows,ALTER USER,none,2020-01-01,13:31:04
PM,ktarnows,LOGOFF,none,2020-01-01,13:31:07
SALES,rbielik,SELECT,DISTRIBUTORS,2020-01-01,13:31:14
PM,gnyski,LOGOFF,none,2020-01-01,13:33:03
PM,anowotworski,LOGOFF,none,2020-01-01,13:34:42
SALES,gostrow,SELECT,ORDERS,2020-01-01,13:35:22
PM,mszkopianski,LOGOFF,none,2020-01-01,13:35:37
PM,apuzon,LOGOFF,none,2020-01-01,13:35:43
PM,apuzon,LOGOFF,none,2020-01-01,13:36:00
SALES,ktarnows,SELECT,DISTRIBUTORS,2020-01-01,13:37:12
SALES,sbaszel,UPDATE,WAREHOUSES,2020-01-01,13:38:41
PM,kespiel,LOGOFF,none,2020-01-01,13:39:57
PM,aosinska,LOGOFF,none,2020-01-01,13:40:06
PM,amaly,LOGON,none,2020-01-01,13:40:06
PM,amaly,LOGON,none,2020-01-01,13:40:53
PM,adynka,SET ROLE,none,2020-01-01,13:41:13
SALES,mszkopianski,SELECT,PRODUCTS,2020-01-01,13:42:05
PM,gnyski,LOGOFF,none,2020-01-01,13:43:50
PM,sbaszel,SELECT,ASSIGNMENTS,2020-01-01,13:46:16
PM,pskala,ALTER USER,none,2020-01-01,13:48:41
PM,sbaszel,ALTER USER,none,2020-01-01,13:48:52
SALES,aosinska,SELECT,ORDERS,2020-01-01,13:49:00
PM,kuszka,INSERT,DEPARTMENTS,2020-01-01,13:49:18
SALES,ktarnows,SELECT,ORDERS,2020-01-01,13:50:18
PM,kespiel,LOGOFF,none,2020-01-01,13:52:06
PM,aosinska,SELECT,CUSTOMERS,2020-01-01,13:53:23
PM,rbielik,SET ROLE,none,2020-01-01,13:54:46
PM,app,UPDATE,PAYMENTS,2020-01-01,13:55:23
PM,rbielik,DELETE,DEPARTMENTS,2020-01-01,13:58:10
SALES,apuzon,DELETE,ORDERS,2020-01-01,13:58:36
PM,kespiel,LOGOFF,none,2020-01-01,13:59:10
PM,kespiel,DELETE,PROJECT_DETAILS,2020-01-01,14:00:33
PM,kuszka,SELECT,CUSTOMERS,2020-01-01,14:01:00
PM,apuzon,DROP USER,none,2020-01-01,14:03:26
SALES,ktarnows,UPDATE,ORDERS,2020-01-01,14:03:41
PM,ktarnows,DROP USER,none,2020-01-01,14:03:45
PM,amaly,LOGON,none,2020-01-01,14:04:01
SALES,apuzon,UPDATE,WAREHOUSES,2020-01-01,14:04:05
SALES,gnyski,UPDATE,WAREHOUSES,2020-01-01,14:04:16
PM,ktarnows,LOGOFF,none,2020-01-01,14:05:41
PM,apuzon,LOGOFF,none,2020-01-01,14:05:52
PM,gostrow,ALTER,DIVISIONS,2020-01-01,14:05:56
SALES,mwyjko,DELETE,ORDERS,2020-01-01,14:06:14
PM,kespiel,LOGOFF,none,2020-01-01,14:06:16
SALES,apuzon,INSERT,ORDERS,2020-01-01,14:06:37
PM,kespiel,LOGOFF,none,2020-01-01,14:06:43
PM,kuszka,DELETE,EXPERIENCES,2020-01-01,14:07:40
PM,mjarcinska,LOGOFF,none,2020-01-01,14:07:46
SALES,mwyjko,UPDATE,ORDERS,2020-01-01,14:08:34
SALES,mwarzycha,SELECT,DISTRIBUTORS,2020-01-01,14:08:46
PM,amaly,LOGON,none,2020-01-01,14:10:32
SALES,apuzon,SELECT,ORDERS,2020-01-01,14:10:33
PM,amaly,LOGON,none,2020-01-01,14:12:12
PM,kuszka,LOGOFF,none,2020-01-01,14:18:31
PM,rbielik,UPDATE,SKILLS,2020-01-01,14:18:33
PM,apuzon,DROP USER,none,2020-01-01,14:18:44
PM,amaly,LOGON,none,2020-01-01,14:18:50
PM,mwarzycha,LOGOFF,none,2020-01-01,14:20:09
PM,rbielik,INSERT,PROJECT_TYPE,2020-01-01,14:22:44
PM,ktarnows,DROP USER,none,2020-01-01,14:23:26
PM,app,LOGOFF,none,2020-01-01,14:23:52
SALES,aosinska,UPDATE,WAREHOUSES,2020-01-01,14:24:00
SALES,aosinska,SELECT,ORDERS,2020-01-01,14:25:53
SALES,kuszka,INSERT,DISTRIBUTORS,2020-01-01,14:26:04
PM,sbaszel,SELECT,TASKS,2020-01-01,14:29:15
SALES,tlalka,SELECT,ORDERS,2020-01-01,14:29:28
SALES,app,UPDATE,PRODUCTS,2020-01-01,14:30:11
PM,ktarnows,UPDATE,TASKS,2020-01-01,14:30:47
PM,sbaszel,SELECT,PAYMENTS,2020-01-01,14:31:44
PM,ktarnows,LOGOFF,none,2020-01-01,14:33:55
PM,ktarnows,SET ROLE,none,2020-01-01,14:34:47
PM,apuzon,UPDATE,PROJECT_TYPE,2020-01-01,14:35:01
PM,aosinska,SELECT,ASSIGNMENTS,2020-01-01,14:35:56
PM,amaly,LOGON,none,2020-01-01,14:37:09
PM,apuzon,SELECT,PROJECT_DETAILS,2020-01-01,14:37:44
SALES,rbielik,SELECT,ORDERS,2020-01-01,14:38:08
SALES,adynka,SELECT,PRODUCTS,2020-01-01,14:38:23
PM,aosinska,LOGOFF,none,2020-01-01,14:38:28
PM,pskala,LOGOFF,none,2020-01-01,14:39:30
PM,mwyjko,UPDATE,PROJECTS,2020-01-01,14:40:57
PM,mszkopianski,DELETE,PROJECT_TYPE,2020-01-01,14:41:15
PM,aosinska,UPDATE,CLIENTS,2020-01-01,14:42:12
SALES,aosinska,SELECT,WAREHOUSES,2020-01-01,14:43:12
SALES,mwarzycha,UPDATE,ORDERS,2020-01-01,14:43:58
PM,kespiel,UPDATE,CLIENTS,2020-01-01,14:44:34
PM,amaly,LOGON,none,2020-01-01,14:44:50
PM,gnyski,INSERT,PAYMENTS,2020-01-01,14:45:10
SALES,sbaszel,SELECT,ORDERS,2020-01-01,14:45:12
PM,mwarzycha,SELECT,TASKS,2020-01-01,14:45:42
PM,mwarzycha,INSERT,PROJECT_DETAILS,2020-01-01,14:47:13
PM,gostrow,LOGOFF,none,2020-01-01,14:47:32
SALES,kuszka,INSERT,WAREHOUSES,2020-01-01,14:48:12
SALES,mszkopianski,SELECT,PRODUCTS,2020-01-01,14:50:22
SALES,rbielik,SELECT,PRODUCTS,2020-01-01,14:52:59
PM,aosinska,LOGOFF,none,2020-01-01,14:53:14
PM,apuzon,SELECT,CUSTOMERS,2020-01-01,14:53:22
PM,gostrow,LOGOFF,none,2020-01-01,14:55:17
PM,sbaszel,LOGOFF,none,2020-01-01,14:56:19
PM,ktarnows,LOGOFF,none,2020-01-01,14:57:16
PM,apuzon,UPDATE,PROJECT_TYPE,2020-01-01,14:58:11
SALES,aosinska,DELETE,ORDERS,2020-01-01,14:58:13
PM,mszkopianski,INSERT,PROJECT_TYPE,2020-01-01,14:59:19
PM,mszkopianski,LOGOFF,none,2020-01-01,14:59:53
SALES,mwarzycha,DELETE,PRODUCTS,2020-01-01,15:01:45
PM,kuszka,INSERT,ASSIGNMENTS,2020-01-01,15:02:16
PM,gostrow,UPDATE,PROJECT_CATEGORY,2020-01-01,15:02:31
PM,aosinska,LOGOFF,none,2020-01-01,15:03:26
PM,amaly,LOGON,none,2020-01-01,15:04:53
SALES,aosinska,SELECT,DISTRIBUTORS,2020-01-01,15:05:17
PM,rbielik,LOGOFF,none,2020-01-01,15:05:48
PM,amaly,LOGON,none,2020-01-01,15:07:25
PM,ktarnows,INSERT,CLIENTS,2020-01-01,15:07:28
PM,app,LOGOFF,none,2020-01-01,15:08:16
PM,ktarnows,SELECT,EXPERIENCES,2020-01-01,15:08:27
PM,zfenicki,LOGOFF,none,2020-01-01,15:08:51
PM,apuzon,LOGOFF,none,2020-01-01,15:10:47
PM,apuzon,LOGOFF,none,2020-01-01,15:11:16
PM,amaly,LOGON,none,2020-01-01,15:12:17
PM,app,SELECT,EMPLOYEES,2020-01-01,15:13:55
SALES,gnyski,UPDATE,PRODUCTS,2020-01-01,15:14:02
SALES,mszkopianski,UPDATE,WAREHOUSES,2020-01-01,15:14:33
PM,app,INSERT,PAYMENTS,2020-01-01,15:15:36
PM,sbaszel,LOGOFF,none,2020-01-01,15:15:38
PM,kuszka,INSERT,PAYMENTS,2020-01-01,15:16:18
PM,mjarcinska,UPDATE,PAYMENTS,2020-01-01,15:16:51
PM,apuzon,LOGOFF,none,2020-01-01,15:17:11
SALES,ktarnows,INSERT,ORDERS,2020-01-01,15:18:02
PM,app,DELETE,PAYMENTS,2020-01-01,15:18:17
PM,apuzon,LOGOFF,none,2020-01-01,15:19:04
PM,sbaszel,LOGOFF,none,2020-01-01,15:19:30
PM,gostrow,INSERT,PAYMENTS,2020-01-01,15:21:22
PM,zfenicki,LOGOFF,none,2020-01-01,15:21:45
PM,mwarzycha,LOGOFF,none,2020-01-01,15:22:02
PM,sbaszel,LOGOFF,none,2020-01-01,15:23:13
SALES,apuzon,UPDATE,WAREHOUSES,2020-01-01,15:24:21
PM,jsmidt,LOGON,none,2020-01-01,15:24:38
SALES,kespiel,DELETE,PRODUCTS,2020-01-01,15:25:06
PM,gostrow,ALTER,PROJECT_TYPE,2020-01-01,15:27:49
PM,sbaszel,ALTER,PROJECTS,2020-01-01,15:27:59
PM,app,ALTER USER,none,2020-01-01,15:32:09
PM,sbaszel,UPDATE,PAYMENTS,2020-01-01,15:32:47
PM,amaly,LOGON,none,2020-01-01,15:34:22
PM,sbaszel,LOGOFF,none,2020-01-01,15:35:14
PM,ktarnows,SET ROLE,none,2020-01-01,15:38:46
PM,pskala,SET ROLE,none,2020-01-01,15:40:12
PM,mwyjko,INSERT,PROJECT_CATEGORY,2020-01-01,15:40:23
PM,amaly,LOGON,none,2020-01-01,15:40:31
PM,rbielik,LOGOFF,none,2020-01-01,15:40:45
PM,adynka,LOGOFF,none,2020-01-01,15:45:29
PM,aosinska,UPDATE,PROJECT_STATUS,2020-01-01,15:45:57
PM,apuzon,ALTER,SKILLS,2020-01-01,15:46:33
PM,kuszka,LOGOFF,none,2020-01-01,15:46:35
PM,ktarnows,LOGOFF,none,2020-01-01,15:48:01
PM,gostrow,LOGOFF,none,2020-01-01,15:48:35
PM,app,CREATE ROLE,none,2020-01-01,15:48:38
PM,apuzon,SELECT,ASSIGNMENTS,2020-01-01,15:50:21
PM,aosinska,SELECT,DIVISIONS,2020-01-01,15:50:22
SALES,ktarnows,UPDATE,ORDERS,2020-01-01,15:52:15
PM,mwarzycha,LOGOFF,none,2020-01-01,15:53:25
PM,kuszka,LOGOFF,none,2020-01-01,15:55:10
SALES,mwarzycha,ALTER,ORDERS,2020-01-01,15:56:10
PM,apuzon,DROP USER,none,2020-01-01,15:56:25
PM,aosinska,UPDATE,CUSTOMERS,2020-01-01,15:56:40
SALES,tlalka,INSERT,ORDERS,2020-01-01,15:56:43
PM,ktarnows,INSERT,EMPLOYEES,2020-01-01,15:58:01
PM,kespiel,LOGOFF,none,2020-01-01,15:59:35
PM,mwarzycha,LOGOFF,none,2020-01-01,16:00:04
PM,apuzon,DELETE,ASSIGNMENTS,2020-01-01,16:00:05
PM,app,LOGOFF,none,2020-01-01,16:00:30
SALES,aosinska,SELECT,ORDERS,2020-01-01,16:03:28
SALES,aosinska,UPDATE,ORDERS,2020-01-01,16:03:41
PM,adynka,LOGOFF,none,2020-01-01,16:05:22
PM,sbaszel,LOGOFF,none,2020-01-01,16:05:43
PM,aosinska,DELETE,PROJECT_STATUS,2020-01-01,16:06:02
SALES,aosinska,INSERT,PRODUCTS,2020-01-01,16:06:25
PM,mwarzycha,LOGOFF,none,2020-01-01,16:06:53
PM,app,UPDATE,PROJECT_STATUS,2020-01-01,16:07:38
PM,apuzon,INSERT,EMPLOYEES,2020-01-01,16:08:41
PM,app,LOGOFF,none,2020-01-01,16:09:47
PM,ktarnows,SELECT,CLIENTS,2020-01-01,16:10:21
PM,mszkopianski,LOGOFF,none,2020-01-01,16:10:58
PM,zfenicki,DELETE,EMPLOYEES,2020-01-01,16:12:36
PM,app,LOGOFF,none,2020-01-01,16:14:22
PM,aosinska,INSERT,CUSTOMERS,2020-01-01,16:14:25
SALES,gnyski,SELECT,ORDERS,2020-01-01,16:14:27
PM,amaly,LOGON,none,2020-01-01,16:14:51
PM,apuzon,UPDATE,SKILLS,2020-01-01,16:15:18
SALES,rbielik,DELETE,ORDERS,2020-01-01,16:16:05
PM,sbaszel,SELECT,PROJECT_STATUS,2020-01-01,16:16:39
PM,gnyski,SELECT,CUSTOMERS,2020-01-01,16:18:15
SALES,mjarcinska,SELECT,DISTRIBUTORS,2020-01-01,16:18:33
PM,aosinska,SELECT,PROJECT_STATUS,2020-01-01,16:18:38
PM,sbaszel,LOGOFF,none,2020-01-01,16:18:46
SALES,sbaszel,UPDATE,ORDERS,2020-01-01,16:19:01
SALES,mszkopianski,ALTER,WAREHOUSES,2020-01-01,16:20:32
SALES,ktarnows,INSERT,ORDERS,2020-01-01,16:20:52
SALES,kespiel,SELECT,DISTRIBUTORS,2020-01-01,16:22:43
PM,pskala,UPDATE,CLIENTS,2020-01-01,16:23:36
PM,sbaszel,CREATE ROLE,none,2020-01-01,16:23:42
PM,mwarzycha,DELETE,PROJECT_STATUS,2020-01-01,16:24:09
PM,amaly,LOGON,none,2020-01-01,16:24:46
PM,kuszka,INSERT,PAYMENTS,2020-01-01,16:25:52
PM,zfenicki,INSERT,CUSTOMERS,2020-01-01,16:26:09
PM,amaly,LOGON,none,2020-01-01,16:26:20
PM,mwyjko,ALTER,PROJECT_CATEGORY,2020-01-01,16:26:21
SALES,anowotworski,SELECT,WAREHOUSES,2020-01-01,16:28:36
SALES,ktarnows,SELECT,DISTRIBUTORS,2020-01-01,16:28:54
PM,mwarzycha,INSERT,PAYMENTS,2020-01-01,16:29:06
PM,kespiel,SELECT,TASKS,2020-01-01,16:29:08
SALES,aosinska,UPDATE,WAREHOUSES,2020-01-01,16:29:52
PM,kuszka,DELETE,PAYMENTS,2020-01-01,16:30:24
PM,aosinska,SELECT,ASSIGNMENTS,2020-01-01,16:30:27
SALES,apuzon,SELECT,DISTRIBUTORS,2020-01-01,16:31:44
SALES,app,UPDATE,WAREHOUSES,2020-01-01,16:32:59
PM,kuszka,UPDATE,PROJECTS,2020-01-01,16:34:05
SALES,kuszka,DELETE,ORDERS,2020-01-01,16:34:13
PM,apuzon,INSERT,CLIENTS,2020-01-01,16:34:41
SALES,apuzon,SELECT,PRODUCTS,2020-01-01,16:34:47
PM,tlalka,SELECT,SKILLS,2020-01-01,16:34:56
SALES,ktarnows,SELECT,WAREHOUSES,2020-01-01,16:36:23
PM,mwyjko,LOGOFF,none,2020-01-01,16:38:17
SALES,gnyski,UPDATE,WAREHOUSES,2020-01-01,16:39:45
PM,amaly,LOGON,none,2020-01-01,16:41:22
SALES,apuzon,DELETE,WAREHOUSES,2020-01-01,16:44:25
PM,zfenicki,UPDATE,PROJECT_DETAILS,2020-01-01,16:46:18
PM,sbaszel,LOGOFF,none,2020-01-01,16:47:04
SALES,sbaszel,UPDATE,WAREHOUSES,2020-01-01,16:47:20
PM,sbaszel,INSERT,PAYMENTS,2020-01-01,16:48:04
SALES,mwarzycha,SELECT,ORDERS,2020-01-01,16:48:13
SALES,apuzon,UPDATE,ORDERS,2020-01-01,16:49:17
PM,mwarzycha,UPDATE,PROJECT_STATUS,2020-01-01,16:49:36
PM,amaly,LOGON,none,2020-01-01,16:52:15
SALES,ktarnows,SELECT,WAREHOUSES,2020-01-01,16:52:30
PM,zfenicki,DELETE,CUSTOMERS,2020-01-01,16:53:22
PM,gostrow,LOGOFF,none,2020-01-01,16:53:58
PM,kespiel,UPDATE,PROJECT_DETAILS,2020-01-01,16:54:19
PM,pskala,INSERT,PROJECTS,2020-01-01,16:54:26
PM,amaly,LOGON,none,2020-01-01,16:54:43
SALES,sbaszel,UPDATE,ORDERS,2020-01-01,16:54:58
SALES,gnyski,ALTER,DISTRIBUTORS,2020-01-01,16:56:54
SALES,pskala,SELECT,PRODUCTS,2020-01-01,16:58:38
SALES,aosinska,SELECT,ORDERS,2020-01-01,16:59:09
SALES,apuzon,DELETE,ORDERS,2020-01-01,16:59:40
PM,amaly,LOGON,none,2020-01-02,09:00:45
SALES,apuzon,SELECT,PRODUCTS,2020-01-02,09:01:42
PM,apuzon,LOGOFF,none,2020-01-02,09:04:35
PM,aosinska,UPDATE,EXPERIENCES,2020-01-02,09:06:47
PM,amaly,LOGON,none,2020-01-02,09:06:56
PM,aosinska,CREATE TABLE,none,2020-01-02,09:14:33
PM,gnyski,LOGOFF,none,2020-01-02,09:15:51
PM,zkrepy,LOGON,none,2020-01-02,09:16:49
SALES,mwarzycha,UPDATE,WAREHOUSES,2020-01-02,09:16:56
SALES,mwarzycha,UPDATE,WAREHOUSES,2020-01-02,09:18:19
PM,sbaszel,SELECT,ASSIGNMENTS,2020-01-02,09:18:41
PM,gnyski,UPDATE,TASKS,2020-01-02,09:18:52
PM,sbaszel,INSERT,CUSTOMERS,2020-01-02,09:19:25
SALES,mwarzycha,SELECT,DISTRIBUTORS,2020-01-02,09:19:45
PM,adynka,INSERT,PAYMENTS,2020-01-02,09:21:36
PM,aosinska,SELECT,PAYMENTS,2020-01-02,09:22:40
PM,amaly,LOGON,none,2020-01-02,09:23:53
PM,kespiel,UPDATE,PROJECT_CATEGORY,2020-01-02,09:25:02
SALES,mwarzycha,ALTER,ORDERS,2020-01-02,09:25:54
SALES,mwyjko,SELECT,WAREHOUSES,2020-01-02,09:26:08
SALES,zfenicki,DELETE,WAREHOUSES,2020-01-02,09:26:13
PM,sbaszel,LOGOFF,none,2020-01-02,09:26:59
PM,app,INSERT,PROJECT_DETAILS,2020-01-02,09:28:43
PM,gostrow,DELETE,CLIENTS,2020-01-02,09:30:15
PM,pskala,CREATE ROLE,none,2020-01-02,09:30:50
SALES,gostrow,INSERT,ORDERS,2020-01-02,09:30:55
SALES,mwarzycha,SELECT,DISTRIBUTORS,2020-01-02,09:33:24
PM,mwarzycha,SELECT,PROJECT_DETAILS,2020-01-02,09:34:03
SALES,apuzon,UPDATE,PRODUCTS,2020-01-02,09:34:40
SALES,rbielik,SELECT,DISTRIBUTORS,2020-01-02,09:35:17
PM,kespiel,LOGOFF,none,2020-01-02,09:37:07
PM,app,DROP USER,none,2020-01-02,09:37:19
PM,amaly,LOGON,none,2020-01-02,09:37:31
SALES,ktarnows,SELECT,ORDERS,2020-01-02,09:37:57
PM,kuszka,LOGOFF,none,2020-01-02,09:38:51
PM,aosinska,ALTER USER,none,2020-01-02,09:38:55
SALES,mszkopianski,DELETE,ORDERS,2020-01-02,09:39:18
PM,mszkopianski,LOGOFF,none,2020-01-02,09:40:35
SALES,kuszka,DELETE,WAREHOUSES,2020-01-02,09:42:12
SALES,mszkopianski,DELETE,ORDERS,2020-01-02,09:42:33
SALES,gostrow,SELECT,ORDERS,2020-01-02,09:43:55
PM,zfenicki,UPDATE,DIVISIONS,2020-01-02,09:44:19
PM,rbielik,LOGOFF,none,2020-01-02,09:44:25
PM,aosinska,LOGOFF,none,2020-01-02,09:45:33
SALES,sbaszel,SELECT,DISTRIBUTORS,2020-01-02,09:46:34
PM,rbielik,DROP USER,none,2020-01-02,09:46:41
SALES,gostrow,DELETE,PRODUCTS,2020-01-02,09:46:44
PM,app,DELETE,ASSIGNMENTS,2020-01-02,09:46:52
SALES,rbielik,INSERT,DISTRIBUTORS,2020-01-02,09:49:56
PM,ktarnows,UPDATE,PROJECT_CATEGORY,2020-01-02,09:51:00
SALES,kespiel,SELECT,PRODUCTS,2020-01-02,09:51:23
PM,kespiel,LOGOFF,none,2020-01-02,09:52:23
PM,pskala,LOGOFF,none,2020-01-02,09:52:36
PM,ktarnows,LOGOFF,none,2020-01-02,09:53:28
PM,apuzon,SELECT,PROJECT_TYPE,2020-01-02,09:54:34
SALES,app,UPDATE,WAREHOUSES,2020-01-02,09:54:55
SALES,mwarzycha,DELETE,WAREHOUSES,2020-01-02,09:55:34
SALES,apuzon,UPDATE,WAREHOUSES,2020-01-02,09:55:56
PM,app,ALTER USER,none,2020-01-02,09:56:01
PM,mwarzycha,INSERT,PROJECT_TYPE,2020-01-02,09:56:27
PM,pskala,INSERT,CUSTOMERS,2020-01-02,09:56:42
PM,kespiel,LOGOFF,none,2020-01-02,09:57:11
PM,ktarnows,SELECT,TASKS,2020-01-02,09:58:26
PM,sbaszel,LOGOFF,none,2020-01-02,09:58:33
PM,zfenicki,UPDATE,CLIENTS,2020-01-02,09:59:15
SALES,ktarnows,SELECT,PRODUCTS,2020-01-02,09:59:44
PM,sbaszel,SELECT,TASKS,2020-01-02,10:00:43
PM,sbaszel,LOGOFF,none,2020-01-02,10:01:22
PM,amaly,LOGON,none,2020-01-02,10:01:45
SALES,mwarzycha,INSERT,WAREHOUSES,2020-01-02,10:02:57
PM,mwarzycha,LOGOFF,none,2020-01-02,10:03:03
PM,aosinska,ALTER USER,none,2020-01-02,10:03:21
SALES,aosinska,UPDATE,PRODUCTS,2020-01-02,10:04:21
SALES,gostrow,DELETE,WAREHOUSES,2020-01-02,10:04:57
PM,aosinska,LOGOFF,none,2020-01-02,10:06:13
SALES,gnyski,UPDATE,ORDERS,2020-01-02,10:06:18
PM,gnyski,SELECT,PROJECT_TYPE,2020-01-02,10:06:35
SALES,zfenicki,UPDATE,ORDERS,2020-01-02,10:07:06
PM,kuszka,LOGOFF,none,2020-01-02,10:08:39
SALES,apuzon,UPDATE,WAREHOUSES,2020-01-02,10:08:57
SALES,sbaszel,UPDATE,ORDERS,2020-01-02,10:10:20
PM,app,DELETE,CUSTOMERS,2020-01-02,10:10:25
PM,app,SELECT,ASSIGNMENTS,2020-01-02,10:10:58
PM,apuzon,DELETE,CLIENTS,2020-01-02,10:12:36
PM,kuszka,LOGOFF,none,2020-01-02,10:14:00
PM,sbaszel,LOGOFF,none,2020-01-02,10:16:13
PM,zfenicki,LOGOFF,none,2020-01-02,10:16:26
PM,rbielik,DROP USER,none,2020-01-02,10:17:29
SALES,mwarzycha,DELETE,WAREHOUSES,2020-01-02,10:17:39
PM,kespiel,LOGOFF,none,2020-01-02,10:19:17
PM,kespiel,UPDATE,CUSTOMERS,2020-01-02,10:19:21
SALES,sbaszel,UPDATE,WAREHOUSES,2020-01-02,10:19:53
PM,mwarzycha,SELECT,CUSTOMERS,2020-01-02,10:19:55
SALES,gnyski,SELECT,DISTRIBUTORS,2020-01-02,10:20:02
PM,apuzon,INSERT,EXPERIENCES,2020-01-02,10:20:11
SALES,app,UPDATE,WAREHOUSES,2020-01-02,10:20:21
PM,aosinska,SELECT,DEPARTMENTS,2020-01-02,10:20:44
PM,amaly,LOGON,none,2020-01-02,10:23:21
SALES,aosinska,DELETE,ORDERS,2020-01-02,10:24:05
PM,sbaszel,LOGOFF,none,2020-01-02,10:24:23
SALES,gostrow,INSERT,WAREHOUSES,2020-01-02,10:26:15
PM,kuszka,LOGOFF,none,2020-01-02,10:26:28
PM,rbielik,CREATE TABLE,none,2020-01-02,10:27:02
PM,apuzon,UPDATE,EXPERIENCES,2020-01-02,10:27:44
PM,amaly,LOGON,none,2020-01-02,10:27:50
PM,sbaszel,SELECT,TASKS,2020-01-02,10:28:19
PM,ktarnows,LOGOFF,none,2020-01-02,10:32:51
PM,kespiel,LOGOFF,none,2020-01-02,10:33:07
SALES,zfenicki,UPDATE,WAREHOUSES,2020-01-02,10:33:55
PM,app,SET ROLE,none,2020-01-02,10:34:53
PM,kespiel,UPDATE,PROJECTS,2020-01-02,10:35:36
PM,gnyski,ALTER USER,none,2020-01-02,10:35:45
PM,mwyjko,LOGOFF,none,2020-01-02,10:37:40
PM,ktarnows,LOGOFF,none,2020-01-02,10:39:16
PM,amaly,LOGON,none,2020-01-02,10:39:31
PM,app,LOGOFF,none,2020-01-02,10:39:59
SALES,mwarzycha,SELECT,ORDERS,2020-01-02,10:40:33
SALES,ktarnows,SELECT,ORDERS,2020-01-02,10:41:14
PM,app,ALTER USER,none,2020-01-02,10:42:10
PM,rbielik,UPDATE,CLIENTS,2020-01-02,10:42:12
PM,amaly,LOGON,none,2020-01-02,10:43:32
PM,mszkopianski,LOGOFF,none,2020-01-02,10:44:46
SALES,zfenicki,SELECT,ORDERS,2020-01-02,10:44:49
PM,rbielik,LOGOFF,none,2020-01-02,10:45:11
PM,zfenicki,DELETE,EMPLOYEES,2020-01-02,10:45:22
SALES,mjarcinska,UPDATE,ORDERS,2020-01-02,10:46:13
PM,amaly,LOGON,none,2020-01-02,10:46:15
SALES,kuszka,SELECT,ORDERS,2020-01-02,10:48:26
SALES,apuzon,UPDATE,WAREHOUSES,2020-01-02,10:48:44
PM,mwarzycha,UPDATE,PROJECT_DETAILS,2020-01-02,10:49:03
SALES,sbaszel,SELECT,DISTRIBUTORS,2020-01-02,10:50:35
PM,mwarzycha,DELETE,PROJECT_STATUS,2020-01-02,10:52:19
PM,mwarzycha,DELETE,CUSTOMERS,2020-01-02,10:52:32
PM,sbaszel,LOGOFF,none,2020-01-02,10:53:57
PM,mszkopianski,LOGOFF,none,2020-01-02,10:55:05
PM,zfenicki,ALTER,PROJECT_CATEGORY,2020-01-02,10:57:38
PM,pskala,LOGOFF,none,2020-01-02,10:58:07
SALES,zfenicki,SELECT,PRODUCTS,2020-01-02,10:58:11
PM,rbielik,ALTER,DEPARTMENTS,2020-01-02,10:58:51
PM,amaly,LOGON,none,2020-01-02,11:00:34
PM,mwarzycha,LOGOFF,none,2020-01-02,11:01:57
SALES,mwarzycha,UPDATE,WAREHOUSES,2020-01-02,11:02:36
PM,sbaszel,INSERT,PROJECTS,2020-01-02,11:03:37
PM,amaly,LOGON,none,2020-01-02,11:04:56
PM,sbaszel,CREATE TABLE,none,2020-01-02,11:06:25
SALES,tlalka,SELECT,DISTRIBUTORS,2020-01-02,11:06:31
PM,apuzon,INSERT,PROJECTS,2020-01-02,11:07:38
PM,ktarnows,UPDATE,PROJECT_TYPE,2020-01-02,11:08:06
PM,aosinska,LOGOFF,none,2020-01-02,11:08:58
PM,adynka,LOGOFF,none,2020-01-02,11:11:19
PM,app,DELETE,PROJECT_CATEGORY,2020-01-02,11:12:28
PM,kuszka,ALTER,CUSTOMERS,2020-01-02,11:13:21
PM,apuzon,LOGOFF,none,2020-01-02,11:13:26
PM,pskala,SELECT,CLIENTS,2020-01-02,11:13:54
PM,apuzon,SELECT,ASSIGNMENTS,2020-01-02,11:15:56
PM,apuzon,DROP USER,none,2020-01-02,11:16:09
PM,kuszka,LOGOFF,none,2020-01-02,11:16:20
SALES,aosinska,SELECT,WAREHOUSES,2020-01-02,11:17:10
PM,kespiel,LOGOFF,none,2020-01-02,11:17:30
PM,mszkopianski,INSERT,PROJECTS,2020-01-02,11:17:49
PM,sbaszel,LOGOFF,none,2020-01-02,11:18:01
PM,ktarnows,LOGOFF,none,2020-01-02,11:18:12
PM,mwarzycha,INSERT,PAYMENTS,2020-01-02,11:19:33
PM,sbaszel,UPDATE,PROJECT_DETAILS,2020-01-02,11:20:29
PM,sbaszel,SELECT,CUSTOMERS,2020-01-02,11:20:47
PM,kuszka,LOGOFF,none,2020-01-02,11:21:25
SALES,app,SELECT,ORDERS,2020-01-02,11:22:34
PM,mwarzycha,LOGOFF,none,2020-01-02,11:22:44
PM,app,UPDATE,PROJECT_DETAILS,2020-01-02,11:23:15
PM,kespiel,SELECT,DEPARTMENTS,2020-01-02,11:23:25
PM,mszkopianski,DELETE,CUSTOMERS,2020-01-02,11:23:48
PM,amaly,LOGON,none,2020-01-02,11:26:51
PM,sbaszel,ALTER,CUSTOMERS,2020-01-02,11:29:26
PM,aosinska,INSERT,DIVISIONS,2020-01-02,11:30:15
PM,sbaszel,SELECT,EXPERIENCES,2020-01-02,11:30:26
SALES,pskala,UPDATE,WAREHOUSES,2020-01-02,11:30:36
PM,amaly,LOGON,none,2020-01-02,11:31:16
PM,amaly,LOGON,none,2020-01-02,11:31:17
PM,rbielik,DELETE,PAYMENTS,2020-01-02,11:31:27
PM,sbaszel,UPDATE,PROJECT_TYPE,2020-01-02,11:31:58
PM,tlalka,LOGOFF,none,2020-01-02,11:33:48
PM,mwarzycha,UPDATE,PAYMENTS,2020-01-02,11:34:28
PM,mwarzycha,ALTER,PROJECT_TYPE,2020-01-02,11:36:43
PM,adynka,INSERT,CUSTOMERS,2020-01-02,11:36:53
SALES,mjarcinska,UPDATE,WAREHOUSES,2020-01-02,11:36:53
SALES,app,SELECT,ORDERS,2020-01-02,11:37:02
PM,ktarnows,LOGOFF,none,2020-01-02,11:37:53
SALES,rbielik,DELETE,PRODUCTS,2020-01-02,11:38:47
PM,anowotworski,SELECT,PAYMENTS,2020-01-02,11:40:58
PM,gnyski,LOGOFF,none,2020-01-02,11:41:03
PM,sbaszel,LOGOFF,none,2020-01-02,11:41:22
PM,gostrow,INSERT,EXPERIENCES,2020-01-02,11:43:39
SALES,mszkopianski,SELECT,PRODUCTS,2020-01-02,11:43:59
PM,adynka,ALTER,TASKS,2020-01-02,11:44:25
PM,apuzon,UPDATE,PROJECT_TYPE,2020-01-02,11:45:12
SALES,kuszka,SELECT,ORDERS,2020-01-02,11:46:13
PM,ktarnows,DELETE,PROJECT_STATUS,2020-01-02,11:46:17
PM,app,INSERT,DIVISIONS,2020-01-02,11:46:40
SALES,sbaszel,UPDATE,ORDERS,2020-01-02,11:47:09
PM,apuzon,SELECT,PROJECT_STATUS,2020-01-02,11:47:12
PM,apuzon,DELETE,PROJECT_CATEGORY,2020-01-02,11:47:32
SALES,ktarnows,DELETE,PRODUCTS,2020-01-02,11:48:52
PM,amaly,LOGON,none,2020-01-02,11:52:45
PM,app,LOGOFF,none,2020-01-02,11:53:37
SALES,ktarnows,UPDATE,PRODUCTS,2020-01-02,11:54:45
PM,ktarnows,LOGOFF,none,2020-01-02,11:55:38
PM,anowotworski,ALTER,PROJECTS,2020-01-02,11:55:59
SALES,ktarnows,SELECT,PRODUCTS,2020-01-02,11:56:39
PM,apuzon,SELECT,ASSIGNMENTS,2020-01-02,11:56:47
PM,rbielik,UPDATE,EXPERIENCES,2020-01-02,11:56:47
PM,rbielik,LOGOFF,none,2020-01-02,11:57:06
PM,mwyjko,LOGOFF,none,2020-01-02,11:57:24
PM,mszkopianski,INSERT,PROJECT_CATEGORY,2020-01-02,11:59:16
PM,ktarnows,DROP USER,none,2020-01-02,12:00:57
SALES,mszkopianski,UPDATE,WAREHOUSES,2020-01-02,12:01:28
PM,amaly,LOGON,none,2020-01-02,12:05:14
SALES,zfenicki,INSERT,PRODUCTS,2020-01-02,12:07:29
PM,aosinska,DROP USER,none,2020-01-02,12:09:07
PM,jsmidt,LOGON,none,2020-01-02,12:10:13
PM,ktarnows,UPDATE,PROJECT_DETAILS,2020-01-02,12:11:23
PM,apuzon,INSERT,PROJECT_TYPE,2020-01-02,12:12:20
PM,gnyski,SELECT,DEPARTMENTS,2020-01-02,12:12:42
PM,mwarzycha,CREATE TABLE,none,2020-01-02,12:14:54
SALES,ktarnows,SELECT,ORDERS,2020-01-02,12:14:59
PM,kespiel,DELETE,CLIENTS,2020-01-02,12:15:02
SALES,zfenicki,INSERT,ORDERS,2020-01-02,12:16:26
PM,gnyski,INSERT,PROJECT_STATUS,2020-01-02,12:16:49
SALES,aosinska,SELECT,ORDERS,2020-01-02,12:16:49
PM,apuzon,DELETE,PROJECTS,2020-01-02,12:17:17
PM,aosinska,LOGOFF,none,2020-01-02,12:17:25
PM,kespiel,DELETE,PAYMENTS,2020-01-02,12:17:30
PM,app,DELETE,PROJECT_TYPE,2020-01-02,12:17:39
PM,apuzon,UPDATE,PROJECTS,2020-01-02,12:18:35
PM,app,LOGOFF,none,2020-01-02,12:19:31
SALES,aosinska,DELETE,ORDERS,2020-01-02,12:20:24
SALES,app,UPDATE,WAREHOUSES,2020-01-02,12:20:40
PM,zfenicki,DELETE,PAYMENTS,2020-01-02,12:20:47
PM,apuzon,DELETE,PROJECT_STATUS,2020-01-02,12:21:49
PM,sbaszel,CREATE TABLE,none,2020-01-02,12:22:06
PM,kespiel,INSERT,PAYMENTS,2020-01-02,12:23:38
PM,sbaszel,UPDATE,TASKS,2020-01-02,12:24:14
PM,kespiel,INSERT,PAYMENTS,2020-01-02,12:25:01
PM,sbaszel,LOGOFF,none,2020-01-02,12:25:06
SALES,mszkopianski,UPDATE,WAREHOUSES,2020-01-02,12:25:35
PM,mwarzycha,SET ROLE,none,2020-01-02,12:26:20
PM,app,INSERT,DIVISIONS,2020-01-02,12:27:20
PM,amaly,LOGON,none,2020-01-02,12:27:36
SALES,mwarzycha,UPDATE,WAREHOUSES,2020-01-02,12:27:53
SALES,kuszka,SELECT,ORDERS,2020-01-02,12:29:35
SALES,kespiel,SELECT,ORDERS,2020-01-02,12:30:12
PM,app,LOGOFF,none,2020-01-02,12:30:22
PM,rbielik,LOGOFF,none,2020-01-02,12:30:54
PM,mwarzycha,DELETE,PROJECTS,2020-01-02,12:30:58
PM,sbaszel,DELETE,EXPERIENCES,2020-01-02,12:31:23
PM,aosinska,SELECT,CUSTOMERS,2020-01-02,12:32:46
PM,mwarzycha,SET ROLE,none,2020-01-02,12:32:53
PM,gnyski,LOGOFF,none,2020-01-02,12:33:33
SALES,aosinska,SELECT,DISTRIBUTORS,2020-01-02,12:34:58
PM,kespiel,SELECT,SKILLS,2020-01-02,12:35:18
PM,mszkopianski,DELETE,PAYMENTS,2020-01-02,12:35:20
PM,app,CREATE TABLE,none,2020-01-02,12:36:00
PM,mwyjko,CREATE ROLE,none,2020-01-02,12:37:21
PM,jsmidt,LOGON,none,2020-01-02,12:40:40
PM,aosinska,UPDATE,PROJECT_DETAILS,2020-01-02,12:41:46
PM,mszkopianski,LOGOFF,none,2020-01-02,12:41:54
PM,mwyjko,DELETE,PROJECT_CATEGORY,2020-01-02,12:42:18
PM,rbielik,LOGOFF,none,2020-01-02,12:43:24
PM,mwyjko,SELECT,EMPLOYEES,2020-01-02,12:44:42
PM,kespiel,DELETE,EXPERIENCES,2020-01-02,12:44:47
PM,aosinska,SELECT,ASSIGNMENTS,2020-01-02,12:45:31
SALES,aosinska,SELECT,WAREHOUSES,2020-01-02,12:47:13
PM,rbielik,INSERT,CUSTOMERS,2020-01-02,12:48:57
PM,aosinska,DROP USER,none,2020-01-02,12:49:07
PM,gostrow,LOGOFF,none,2020-01-02,12:49:54
PM,gostrow,UPDATE,PAYMENTS,2020-01-02,12:50:23
PM,kespiel,LOGOFF,none,2020-01-02,12:50:42
PM,app,DELETE,PROJECT_TYPE,2020-01-02,12:51:49
PM,gostrow,SELECT,TASKS,2020-01-02,12:52:02
PM,ktarnows,UPDATE,PROJECTS,2020-01-02,12:52:16
SALES,rbielik,SELECT,ORDERS,2020-01-02,12:53:06
PM,amaly,LOGON,none,2020-01-02,12:54:02
PM,adynka,LOGOFF,none,2020-01-02,12:54:19
PM,mwyjko,LOGOFF,none,2020-01-02,12:55:03
PM,aosinska,INSERT,EXPERIENCES,2020-01-02,12:57:00
PM,mwarzycha,LOGOFF,none,2020-01-02,12:57:50
PM,sbaszel,LOGOFF,none,2020-01-02,12:58:53
SALES,gostrow,SELECT,WAREHOUSES,2020-01-02,12:59:15
SALES,sbaszel,SELECT,ORDERS,2020-01-02,12:59:36
SALES,kuszka,SELECT,ORDERS,2020-01-02,12:59:37
PM,ktarnows,SELECT,TASKS,2020-01-02,12:59:49
PM,kespiel,UPDATE,TASKS,2020-01-02,13:00:12
PM,adynka,DELETE,PAYMENTS,2020-01-02,13:00:29
PM,ktarnows,LOGOFF,none,2020-01-02,13:00:46
PM,mszkopianski,SELECT,PROJECT_DETAILS,2020-01-02,13:01:36
PM,zkrepy,LOGON,none,2020-01-02,13:02:05
PM,app,DROP USER,none,2020-01-02,13:02:28
PM,app,SELECT,TASKS,2020-01-02,13:03:40
PM,aosinska,CREATE TABLE,none,2020-01-02,13:04:06
PM,kuszka,LOGOFF,none,2020-01-02,13:04:39
PM,aosinska,LOGOFF,none,2020-01-02,13:04:41
PM,sbaszel,UPDATE,SKILLS,2020-01-02,13:05:07
SALES,kespiel,UPDATE,WAREHOUSES,2020-01-02,13:06:36
PM,app,SELECT,CUSTOMERS,2020-01-02,13:09:02
PM,ktarnows,SELECT,PAYMENTS,2020-01-02,13:09:37
PM,mwarzycha,LOGOFF,none,2020-01-02,13:10:20
PM,mszkopianski,LOGOFF,none,2020-01-02,13:10:31
PM,mwarzycha,LOGOFF,none,2020-01-02,13:10:43
SALES,aosinska,SELECT,WAREHOUSES,2020-01-02,13:11:38
PM,sbaszel,ALTER USER,none,2020-01-02,13:12:03
PM,zfenicki,SELECT,ASSIGNMENTS,2020-01-02,13:12:13
PM,gostrow,LOGOFF,none,2020-01-02,13:13:16
PM,amaly,LOGON,none,2020-01-02,13:13:17
PM,kuszka,UPDATE,DIVISIONS,2020-01-02,13:13:23
SALES,apuzon,SELECT,PRODUCTS,2020-01-02,13:15:55
PM,apuzon,LOGOFF,none,2020-01-02,13:17:00
PM,sbaszel,LOGOFF,none,2020-01-02,13:17:13
PM,zfenicki,LOGOFF,none,2020-01-02,13:18:42
PM,sbaszel,DROP USER,none,2020-01-02,13:18:51
SALES,app,SELECT,ORDERS,2020-01-02,13:19:41
PM,ktarnows,UPDATE,PROJECT_TYPE,2020-01-02,13:21:25
PM,kespiel,SELECT,ASSIGNMENTS,2020-01-02,13:23:08
PM,gnyski,DELETE,PROJECT_DETAILS,2020-01-02,13:24:20
PM,mwarzycha,SELECT,ASSIGNMENTS,2020-01-02,13:25:02
PM,amaly,LOGON,none,2020-01-02,13:27:30
PM,apuzon,UPDATE,PROJECTS,2020-01-02,13:27:38
PM,aosinska,SELECT,SKILLS,2020-01-02,13:29:16
SALES,mszkopianski,ALTER,PRODUCTS,2020-01-02,13:31:09
PM,aosinska,LOGOFF,none,2020-01-02,13:31:20
PM,amaly,LOGON,none,2020-01-02,13:32:17
PM,app,LOGOFF,none,2020-01-02,13:32:17
PM,mwyjko,LOGOFF,none,2020-01-02,13:32:28
PM,aosinska,INSERT,EXPERIENCES,2020-01-02,13:32:36
PM,amaly,LOGON,none,2020-01-02,13:33:54
PM,ktarnows,UPDATE,PAYMENTS,2020-01-02,13:34:05
PM,mjarcinska,LOGOFF,none,2020-01-02,13:36:40
PM,amaly,LOGON,none,2020-01-02,13:36:44
PM,aosinska,LOGOFF,none,2020-01-02,13:36:50
PM,anowotworski,LOGOFF,none,2020-01-02,13:37:52
PM,jsmidt,LOGON,none,2020-01-02,13:38:11
SALES,aosinska,SELECT,ORDERS,2020-01-02,13:38:22
PM,amaly,LOGON,none,2020-01-02,13:39:41
SALES,adynka,UPDATE,ORDERS,2020-01-02,13:39:51
PM,aosinska,LOGOFF,none,2020-01-02,13:41:06
PM,mwyjko,DELETE,DIVISIONS,2020-01-02,13:41:21
SALES,app,SELECT,ORDERS,2020-01-02,13:41:29
PM,ktarnows,LOGOFF,none,2020-01-02,13:42:01
PM,mszkopianski,SELECT,ASSIGNMENTS,2020-01-02,13:42:41
PM,gnyski,SELECT,EXPERIENCES,2020-01-02,13:44:18
PM,amaly,LOGON,none,2020-01-02,13:45:30
SALES,rbielik,UPDATE,ORDERS,2020-01-02,13:46:44
PM,apuzon,SET ROLE,none,2020-01-02,13:47:19
PM,amaly,LOGON,none,2020-01-02,13:48:25
PM,mwarzycha,UPDATE,ASSIGNMENTS,2020-01-02,13:48:59
PM,app,SET ROLE,none,2020-01-02,13:48:59
PM,mwarzycha,LOGOFF,none,2020-01-02,13:49:03
SALES,mjarcinska,ALTER,WAREHOUSES,2020-01-02,13:49:04
PM,rbielik,LOGOFF,none,2020-01-02,13:49:18
PM,gostrow,DROP USER,none,2020-01-02,13:49:38
PM,mwarzycha,LOGOFF,none,2020-01-02,13:50:58
PM,sbaszel,LOGOFF,none,2020-01-02,13:51:53
SALES,aosinska,DELETE,ORDERS,2020-01-02,13:51:53
PM,ktarnows,SELECT,PROJECT_DETAILS,2020-01-02,13:52:10
PM,gnyski,INSERT,PROJECT_STATUS,2020-01-02,13:52:26
PM,app,DELETE,PROJECT_CATEGORY,2020-01-02,13:53:18
SALES,apuzon,UPDATE,WAREHOUSES,2020-01-02,13:53:38
PM,aosinska,LOGOFF,none,2020-01-02,13:57:35
SALES,gnyski,ALTER,ORDERS,2020-01-02,13:57:56
PM,apuzon,SELECT,CLIENTS,2020-01-02,13:58:11
SALES,kuszka,SELECT,ORDERS,2020-01-02,13:58:15
PM,apuzon,LOGOFF,none,2020-01-02,13:59:48
PM,sbaszel,LOGOFF,none,2020-01-02,13:59:59
PM,sbaszel,DELETE,ASSIGNMENTS,2020-01-02,14:00:29
PM,jsmidt,LOGON,none,2020-01-02,14:00:52
PM,app,UPDATE,PROJECTS,2020-01-02,14:01:30
SALES,aosinska,SELECT,DISTRIBUTORS,2020-01-02,14:04:29
PM,aosinska,LOGOFF,none,2020-01-02,14:04:45
PM,rbielik,ALTER USER,none,2020-01-02,14:05:03
SALES,gnyski,SELECT,ORDERS,2020-01-02,14:07:45
PM,sbaszel,DELETE,PROJECT_CATEGORY,2020-01-02,14:08:16
PM,kespiel,LOGOFF,none,2020-01-02,14:08:56
PM,apuzon,LOGOFF,none,2020-01-02,14:09:03
PM,ktarnows,LOGOFF,none,2020-01-02,14:10:20
PM,aosinska,SELECT,CLIENTS,2020-01-02,14:12:01
PM,gostrow,LOGOFF,none,2020-01-02,14:12:55
PM,apuzon,LOGOFF,none,2020-01-02,14:13:00
PM,app,SELECT,CUSTOMERS,2020-01-02,14:15:17
PM,aosinska,ALTER,PROJECTS,2020-01-02,14:15:21
PM,anowotworski,LOGOFF,none,2020-01-02,14:15:43
SALES,app,DELETE,DISTRIBUTORS,2020-01-02,14:16:58
PM,anowotworski,ALTER,DEPARTMENTS,2020-01-02,14:17:38
PM,amaly,LOGON,none,2020-01-02,14:17:49
PM,aosinska,LOGOFF,none,2020-01-02,14:18:14
PM,apuzon,DELETE,CLIENTS,2020-01-02,14:18:39
PM,gnyski,ALTER USER,none,2020-01-02,14:19:55
PM,mwarzycha,SELECT,TASKS,2020-01-02,14:22:03
PM,apuzon,LOGOFF,none,2020-01-02,14:22:52
PM,sbaszel,ALTER,TASKS,2020-01-02,14:24:18
SALES,ktarnows,UPDATE,DISTRIBUTORS,2020-01-02,14:26:01
PM,jsmidt,LOGON,none,2020-01-02,14:26:16
PM,ktarnows,LOGOFF,none,2020-01-02,14:26:36
SALES,ktarnows,UPDATE,PRODUCTS,2020-01-02,14:26:36
PM,zkrepy,LOGON,none,2020-01-02,14:27:09
SALES,aosinska,UPDATE,ORDERS,2020-01-02,14:27:57
PM,mjarcinska,LOGOFF,none,2020-01-02,14:28:07
SALES,rbielik,UPDATE,ORDERS,2020-01-02,14:28:28
SALES,kespiel,UPDATE,WAREHOUSES,2020-01-02,14:30:32
PM,mjarcinska,DELETE,PAYMENTS,2020-01-02,14:32:22
PM,zfenicki,ALTER USER,none,2020-01-02,14:32:31
PM,aosinska,DELETE,CLIENTS,2020-01-02,14:32:38
PM,ktarnows,UPDATE,SKILLS,2020-01-02,14:33:08
SALES,tlalka,INSERT,PRODUCTS,2020-01-02,14:33:42
PM,amaly,LOGON,none,2020-01-02,14:34:09
SALES,ktarnows,INSERT,ORDERS,2020-01-02,14:39:23
PM,mwyjko,LOGOFF,none,2020-01-02,14:42:18
PM,mwarzycha,SELECT,PROJECT_STATUS,2020-01-02,14:45:41
PM,sbaszel,ALTER USER,none,2020-01-02,14:46:00
PM,sbaszel,ALTER USER,none,2020-01-02,14:48:01
PM,adynka,LOGOFF,none,2020-01-02,14:48:07
PM,amaly,LOGON,none,2020-01-02,14:49:04
PM,ktarnows,DELETE,PAYMENTS,2020-01-02,14:50:01
PM,amaly,LOGON,none,2020-01-02,14:50:02
PM,ktarnows,DELETE,CUSTOMERS,2020-01-02,14:50:49
PM,gnyski,LOGOFF,none,2020-01-02,14:51:23
PM,apuzon,LOGOFF,none,2020-01-02,14:51:34
PM,gostrow,INSERT,PAYMENTS,2020-01-02,14:52:16
PM,mwyjko,CREATE ROLE,none,2020-01-02,14:53:11
PM,zfenicki,UPDATE,SKILLS,2020-01-02,14:53:55
PM,mwarzycha,LOGOFF,none,2020-01-02,14:55:18
SALES,mwyjko,SELECT,ORDERS,2020-01-02,14:55:56
PM,mwarzycha,LOGOFF,none,2020-01-02,14:57:49
PM,mwarzycha,DELETE,CUSTOMERS,2020-01-02,14:57:59
SALES,app,DELETE,ORDERS,2020-01-02,14:58:35
PM,mszkopianski,SELECT,SKILLS,2020-01-02,14:58:51
PM,apuzon,UPDATE,CUSTOMERS,2020-01-02,14:59:03
PM,mwarzycha,INSERT,ASSIGNMENTS,2020-01-02,14:59:40
PM,ktarnows,LOGOFF,none,2020-01-02,15:00:08
PM,app,LOGOFF,none,2020-01-02,15:01:49
PM,mwarzycha,LOGOFF,none,2020-01-02,15:02:05
PM,gnyski,SET ROLE,none,2020-01-02,15:02:54
PM,app,INSERT,PROJECT_DETAILS,2020-01-02,15:04:25
PM,apuzon,INSERT,PROJECT_STATUS,2020-01-02,15:07:03
SALES,sbaszel,UPDATE,ORDERS,2020-01-02,15:08:06
PM,kuszka,LOGOFF,none,2020-01-02,15:08:08
PM,kuszka,CREATE TABLE,none,2020-01-02,15:08:20
PM,apuzon,INSERT,ASSIGNMENTS,2020-01-02,15:12:46
PM,mwarzycha,LOGOFF,none,2020-01-02,15:13:09
PM,amaly,LOGON,none,2020-01-02,15:13:20
PM,apuzon,ALTER USER,none,2020-01-02,15:13:32
PM,aosinska,LOGOFF,none,2020-01-02,15:15:24
PM,apuzon,LOGOFF,none,2020-01-02,15:15:31
PM,app,UPDATE,CLIENTS,2020-01-02,15:16:04
PM,aosinska,LOGOFF,none,2020-01-02,15:16:39
PM,sbaszel,DELETE,PROJECT_STATUS,2020-01-02,15:24:07
SALES,kuszka,SELECT,WAREHOUSES,2020-01-02,15:26:51
SALES,rbielik,DELETE,ORDERS,2020-01-02,15:27:33
PM,zfenicki,LOGOFF,none,2020-01-02,15:28:15
PM,mwarzycha,LOGOFF,none,2020-01-02,15:28:44
PM,sbaszel,SELECT,TASKS,2020-01-02,15:28:55
SALES,ktarnows,SELECT,ORDERS,2020-01-02,15:29:38
SALES,apuzon,UPDATE,PRODUCTS,2020-01-02,15:31:41
PM,kuszka,ALTER USER,none,2020-01-02,15:33:16
PM,ktarnows,LOGOFF,none,2020-01-02,15:33:54
SALES,rbielik,UPDATE,WAREHOUSES,2020-01-02,15:34:46
PM,amaly,LOGON,none,2020-01-02,15:36:00
PM,kespiel,UPDATE,PAYMENTS,2020-01-02,15:36:34
SALES,pskala,UPDATE,WAREHOUSES,2020-01-02,15:36:43
SALES,ktarnows,UPDATE,PRODUCTS,2020-01-02,15:38:33
PM,rbielik,DELETE,PAYMENTS,2020-01-02,15:39:58
PM,rbielik,LOGOFF,none,2020-01-02,15:40:18
PM,gnyski,SELECT,CUSTOMERS,2020-01-02,15:41:12
SALES,app,UPDATE,DISTRIBUTORS,2020-01-02,15:41:47
PM,apuzon,LOGOFF,none,2020-01-02,15:45:43
PM,amaly,LOGON,none,2020-01-02,15:47:46
SALES,sbaszel,SELECT,WAREHOUSES,2020-01-02,15:48:14
PM,apuzon,LOGOFF,none,2020-01-02,15:48:15
PM,mwarzycha,DELETE,ASSIGNMENTS,2020-01-02,15:49:48
PM,app,LOGOFF,none,2020-01-02,15:50:08
PM,ktarnows,SET ROLE,none,2020-01-02,15:51:06
PM,mwarzycha,SELECT,TASKS,2020-01-02,15:54:13
PM,ktarnows,UPDATE,PROJECTS,2020-01-02,15:56:49
SALES,sbaszel,SELECT,WAREHOUSES,2020-01-02,15:57:26
SALES,kespiel,INSERT,DISTRIBUTORS,2020-01-02,15:58:26
SALES,apuzon,SELECT,DISTRIBUTORS,2020-01-02,15:59:48
PM,kespiel,UPDATE,TASKS,2020-01-02,16:00:03
PM,gostrow,SELECT,ASSIGNMENTS,2020-01-02,16:00:23
PM,rbielik,CREATE TABLE,none,2020-01-02,16:01:05
PM,mszkopianski,LOGOFF,none,2020-01-02,16:01:24
PM,rbielik,LOGOFF,none,2020-01-02,16:01:37
PM,rbielik,LOGOFF,none,2020-01-02,16:01:38
PM,gnyski,LOGOFF,none,2020-01-02,16:02:25
PM,apuzon,LOGOFF,none,2020-01-02,16:02:29
SALES,sbaszel,SELECT,WAREHOUSES,2020-01-02,16:04:31
PM,kespiel,SELECT,PROJECT_STATUS,2020-01-02,16:05:21
PM,amaly,LOGON,none,2020-01-02,16:05:50
PM,apuzon,LOGOFF,none,2020-01-02,16:06:40
PM,mszkopianski,LOGOFF,none,2020-01-02,16:07:16
PM,mjarcinska,INSERT,PAYMENTS,2020-01-02,16:08:01
PM,app,DELETE,PAYMENTS,2020-01-02,16:09:15
PM,app,DELETE,CLIENTS,2020-01-02,16:09:45
PM,apuzon,UPDATE,PROJECTS,2020-01-02,16:09:47
PM,kuszka,LOGOFF,none,2020-01-02,16:09:54
PM,gnyski,ALTER,PROJECTS,2020-01-02,16:10:16
PM,aosinska,LOGOFF,none,2020-01-02,16:10:17
SALES,mjarcinska,DELETE,ORDERS,2020-01-02,16:10:54
PM,mwarzycha,SELECT,CUSTOMERS,2020-01-02,16:11:48
SALES,kuszka,INSERT,ORDERS,2020-01-02,16:12:24
PM,gostrow,SELECT,DIVISIONS,2020-01-02,16:12:49
SALES,aosinska,SELECT,PRODUCTS,2020-01-02,16:13:10
PM,apuzon,ALTER USER,none,2020-01-02,16:13:23
PM,sbaszel,SET ROLE,none,2020-01-02,16:15:22
PM,amaly,LOGON,none,2020-01-02,16:16:12
SALES,aosinska,UPDATE,ORDERS,2020-01-02,16:16:50
SALES,mwarzycha,SELECT,DISTRIBUTORS,2020-01-02,16:17:00
PM,zfenicki,ALTER USER,none,2020-01-02,16:17:31
PM,gostrow,ALTER USER,none,2020-01-02,16:20:28
PM,mwarzycha,SELECT,ASSIGNMENTS,2020-01-02,16:20:46
SALES,kespiel,ALTER,PRODUCTS,2020-01-02,16:20:57
PM,kuszka,DELETE,ASSIGNMENTS,2020-01-02,16:21:44
PM,mjarcinska,INSERT,PROJECTS,2020-01-02,16:22:12
PM,ktarnows,DELETE,DIVISIONS,2020-01-02,16:24:13
PM,mwarzycha,LOGOFF,none,2020-01-02,16:24:45
PM,mwyjko,LOGOFF,none,2020-01-02,16:24:46
PM,gnyski,SELECT,TASKS,2020-01-02,16:24:53
SALES,kuszka,UPDATE,WAREHOUSES,2020-01-02,16:25:30
PM,ktarnows,DELETE,PROJECT_DETAILS,2020-01-02,16:29:04
PM,mwarzycha,UPDATE,PROJECT_DETAILS,2020-01-02,16:29:55
SALES,tlalka,UPDATE,WAREHOUSES,2020-01-02,16:30:32
SALES,apuzon,UPDATE,ORDERS,2020-01-02,16:30:51
PM,amaly,LOGON,none,2020-01-02,16:31:25
PM,aosinska,UPDATE,ASSIGNMENTS,2020-01-02,16:32:03
PM,zkrepy,LOGON,none,2020-01-02,16:36:12
PM,mwarzycha,LOGOFF,none,2020-01-02,16:38:15
SALES,aosinska,ALTER,ORDERS,2020-01-02,16:39:15
SALES,kuszka,DELETE,WAREHOUSES,2020-01-02,16:39:27
PM,apuzon,ALTER,PROJECTS,2020-01-02,16:40:52
PM,ktarnows,LOGOFF,none,2020-01-02,16:41:27
SALES,aosinska,SELECT,ORDERS,2020-01-02,16:42:10
SALES,pskala,DELETE,PRODUCTS,2020-01-02,16:43:15
PM,sbaszel,SELECT,ASSIGNMENTS,2020-01-02,16:43:38
PM,apuzon,ALTER,PAYMENTS,2020-01-02,16:43:51
SALES,mwarzycha,DELETE,ORDERS,2020-01-02,16:44:17
PM,mszkopianski,LOGOFF,none,2020-01-02,16:45:25
PM,aosinska,LOGOFF,none,2020-01-02,16:49:57
PM,aosinska,SELECT,CUSTOMERS,2020-01-02,16:50:05
PM,mszkopianski,SELECT,CLIENTS,2020-01-02,16:50:39
PM,tlalka,DELETE,CUSTOMERS,2020-01-02,16:50:48
PM,amaly,LOGON,none,2020-01-02,16:50:54
SALES,gnyski,SELECT,ORDERS,2020-01-02,16:51:38
PM,app,SELECT,TASKS,2020-01-02,16:52:32
SALES,ktarnows,SELECT,ORDERS,2020-01-02,16:52:35
PM,rbielik,DELETE,CLIENTS,2020-01-02,16:52:36
SALES,ktarnows,INSERT,WAREHOUSES,2020-01-02,16:52:55
PM,tlalka,UPDATE,PROJECT_DETAILS,2020-01-02,16:52:59
PM,mwyjko,LOGOFF,none,2020-01-02,16:53:20
SALES,kespiel,DELETE,DISTRIBUTORS,2020-01-02,16:53:36
PM,apuzon,DELETE,SKILLS,2020-01-02,16:54:46
PM,zkrepy,LOGON,none,2020-01-02,16:55:32
PM,app,INSERT,PROJECT_TYPE,2020-01-02,16:56:17
PM,anowotworski,LOGOFF,none,2020-01-02,16:56:45
PM,rbielik,INSERT,PROJECT_CATEGORY,2020-01-02,16:57:07
PM,mwyjko,LOGOFF,none,2020-01-02,16:58:19
PM,mwarzycha,LOGOFF,none,2020-01-03,09:01:52
SALES,apuzon,INSERT,ORDERS,2020-01-03,09:05:52
PM,sbaszel,LOGOFF,none,2020-01-03,09:05:55
PM,app,INSERT,CLIENTS,2020-01-03,09:06:26
PM,kespiel,LOGOFF,none,2020-01-03,09:06:48
PM,apuzon,LOGOFF,none,2020-01-03,09:09:07
PM,aosinska,LOGOFF,none,2020-01-03,09:09:47
PM,amaly,LOGON,none,2020-01-03,09:10:13
SALES,apuzon,SELECT,WAREHOUSES,2020-01-03,09:12:43
PM,rbielik,SELECT,PAYMENTS,2020-01-03,09:12:52
PM,amaly,LOGON,none,2020-01-03,09:15:59
PM,gnyski,CREATE ROLE,none,2020-01-03,09:16:06
SALES,mjarcinska,SELECT,ORDERS,2020-01-03,09:16:26
PM,rbielik,LOGOFF,none,2020-01-03,09:17:28
PM,ktarnows,LOGOFF,none,2020-01-03,09:18:07
SALES,aosinska,SELECT,ORDERS,2020-01-03,09:19:22
PM,pskala,DELETE,ASSIGNMENTS,2020-01-03,09:20:30
PM,mwarzycha,INSERT,PROJECTS,2020-01-03,09:21:04
SALES,app,UPDATE,WAREHOUSES,2020-01-03,09:21:21
SALES,aosinska,UPDATE,ORDERS,2020-01-03,09:21:35
PM,kespiel,LOGOFF,none,2020-01-03,09:22:30
PM,mwarzycha,INSERT,ASSIGNMENTS,2020-01-03,09:22:46
PM,kespiel,SELECT,ASSIGNMENTS,2020-01-03,09:23:45
SALES,gostrow,INSERT,ORDERS,2020-01-03,09:24:46
PM,mwarzycha,LOGOFF,none,2020-01-03,09:25:19
SALES,mszkopianski,ALTER,PRODUCTS,2020-01-03,09:25:37
PM,aosinska,DELETE,PROJECT_STATUS,2020-01-03,09:26:22
PM,sbaszel,LOGOFF,none,2020-01-03,09:26:31
SALES,ktarnows,UPDATE,WAREHOUSES,2020-01-03,09:27:22
PM,zkrepy,LOGON,none,2020-01-03,09:28:17
SALES,ktarnows,UPDATE,WAREHOUSES,2020-01-03,09:28:20
SALES,gnyski,INSERT,DISTRIBUTORS,2020-01-03,09:30:05
SALES,mjarcinska,UPDATE,DISTRIBUTORS,2020-01-03,09:30:51
SALES,apuzon,INSERT,ORDERS,2020-01-03,09:33:40
SALES,kuszka,UPDATE,WAREHOUSES,2020-01-03,09:34:45
SALES,gnyski,UPDATE,WAREHOUSES,2020-01-03,09:38:04
PM,gostrow,LOGOFF,none,2020-01-03,09:40:17
SALES,apuzon,DELETE,ORDERS,2020-01-03,09:41:01
PM,apuzon,LOGOFF,none,2020-01-03,09:41:30
PM,ktarnows,SET ROLE,none,2020-01-03,09:41:35
SALES,pskala,SELECT,ORDERS,2020-01-03,09:43:56
PM,gnyski,UPDATE,PROJECT_CATEGORY,2020-01-03,09:44:40
SALES,kuszka,UPDATE,PRODUCTS,2020-01-03,09:44:43
PM,sbaszel,SELECT,CUSTOMERS,2020-01-03,09:44:57
PM,apuzon,LOGOFF,none,2020-01-03,09:45:09
SALES,ktarnows,UPDATE,PRODUCTS,2020-01-03,09:45:11
PM,mwarzycha,INSERT,PROJECT_CATEGORY,2020-01-03,09:45:21
PM,aosinska,SET ROLE,none,2020-01-03,09:45:28
SALES,kespiel,UPDATE,ORDERS,2020-01-03,09:49:52
PM,mjarcinska,UPDATE,PROJECT_CATEGORY,2020-01-03,09:50:39
PM,apuzon,ALTER,TASKS,2020-01-03,09:51:14
PM,apuzon,INSERT,PROJECT_STATUS,2020-01-03,09:52:35
PM,kuszka,INSERT,ASSIGNMENTS,2020-01-03,09:54:38
PM,kespiel,LOGOFF,none,2020-01-03,09:54:41
PM,aosinska,INSERT,CLIENTS,2020-01-03,09:54:46
PM,apuzon,LOGOFF,none,2020-01-03,09:55:13
PM,amaly,LOGON,none,2020-01-03,09:55:34
PM,mwarzycha,LOGOFF,none,2020-01-03,09:57:03
SALES,mjarcinska,UPDATE,PRODUCTS,2020-01-03,09:59:05
PM,sbaszel,UPDATE,PAYMENTS,2020-01-03,10:00:24
SALES,gostrow,INSERT,ORDERS,2020-01-03,10:00:42
PM,mwarzycha,SET ROLE,none,2020-01-03,10:00:58
SALES,mjarcinska,DELETE,WAREHOUSES,2020-01-03,10:01:59
SALES,mszkopianski,SELECT,ORDERS,2020-01-03,10:04:04
PM,mszkopianski,LOGOFF,none,2020-01-03,10:04:16
PM,gostrow,UPDATE,EXPERIENCES,2020-01-03,10:06:12
PM,gnyski,CREATE TABLE,none,2020-01-03,10:07:26
PM,aosinska,ALTER USER,none,2020-01-03,10:07:51
PM,app,INSERT,PROJECT_TYPE,2020-01-03,10:08:23
PM,apuzon,SET ROLE,none,2020-01-03,10:08:45
PM,aosinska,DELETE,PAYMENTS,2020-01-03,10:09:44
PM,mszkopianski,LOGOFF,none,2020-01-03,10:10:17
SALES,rbielik,UPDATE,WAREHOUSES,2020-01-03,10:10:43
PM,mszkopianski,SELECT,EMPLOYEES,2020-01-03,10:10:49
SALES,sbaszel,DELETE,ORDERS,2020-01-03,10:10:57
PM,apuzon,LOGOFF,none,2020-01-03,10:10:59
PM,kuszka,UPDATE,PROJECTS,2020-01-03,10:11:02
PM,amaly,LOGON,none,2020-01-03,10:11:51
SALES,aosinska,SELECT,ORDERS,2020-01-03,10:12:08
PM,rbielik,LOGOFF,none,2020-01-03,10:12:17
PM,apuzon,LOGOFF,none,2020-01-03,10:12:26
SALES,aosinska,UPDATE,WAREHOUSES,2020-01-03,10:13:15
PM,app,LOGOFF,none,2020-01-03,10:14:24
PM,kespiel,SELECT,ASSIGNMENTS,2020-01-03,10:16:33
PM,aosinska,INSERT,PAYMENTS,2020-01-03,10:17:31
SALES,apuzon,UPDATE,WAREHOUSES,2020-01-03,10:17:53
PM,jsmidt,LOGON,none,2020-01-03,10:18:36
PM,mwarzycha,LOGOFF,none,2020-01-03,10:20:03
PM,apuzon,LOGOFF,none,2020-01-03,10:20:22
PM,mwyjko,LOGOFF,none,2020-01-03,10:21:13
SALES,app,SELECT,WAREHOUSES,2020-01-03,10:21:58
SALES,ktarnows,SELECT,DISTRIBUTORS,2020-01-03,10:22:45
PM,sbaszel,SELECT,PROJECT_STATUS,2020-01-03,10:23:20
SALES,kespiel,SELECT,PRODUCTS,2020-01-03,10:23:22
PM,pskala,LOGOFF,none,2020-01-03,10:24:16
PM,mjarcinska,DELETE,PAYMENTS,2020-01-03,10:25:21
PM,gostrow,LOGOFF,none,2020-01-03,10:27:47
SALES,rbielik,SELECT,DISTRIBUTORS,2020-01-03,10:28:46
PM,mwarzycha,DROP USER,none,2020-01-03,10:31:32
SALES,mwarzycha,SELECT,PRODUCTS,2020-01-03,10:31:58
SALES,kuszka,SELECT,WAREHOUSES,2020-01-03,10:32:19
SALES,ktarnows,SELECT,ORDERS,2020-01-03,10:32:43
PM,gostrow,SELECT,PAYMENTS,2020-01-03,10:33:05
PM,kespiel,UPDATE,ASSIGNMENTS,2020-01-03,10:34:30
PM,gostrow,DELETE,CLIENTS,2020-01-03,10:34:43
SALES,aosinska,SELECT,PRODUCTS,2020-01-03,10:34:45
PM,aosinska,LOGOFF,none,2020-01-03,10:34:51
PM,rbielik,LOGOFF,none,2020-01-03,10:36:23
SALES,aosinska,INSERT,ORDERS,2020-01-03,10:36:33
PM,app,UPDATE,DIVISIONS,2020-01-03,10:37:20
PM,amaly,LOGON,none,2020-01-03,10:37:43
PM,app,DELETE,DIVISIONS,2020-01-03,10:38:05
PM,gostrow,LOGOFF,none,2020-01-03,10:38:31
PM,gostrow,SELECT,SKILLS,2020-01-03,10:38:44
PM,ktarnows,LOGOFF,none,2020-01-03,10:38:56
PM,gnyski,DELETE,PAYMENTS,2020-01-03,10:40:04
PM,kespiel,INSERT,PAYMENTS,2020-01-03,10:40:14
PM,mwarzycha,LOGOFF,none,2020-01-03,10:41:04
SALES,mszkopianski,UPDATE,WAREHOUSES,2020-01-03,10:41:14
SALES,anowotworski,DELETE,PRODUCTS,2020-01-03,10:42:06
SALES,mwyjko,UPDATE,PRODUCTS,2020-01-03,10:43:08
PM,gnyski,INSERT,PAYMENTS,2020-01-03,10:44:04
PM,mszkopianski,SELECT,TASKS,2020-01-03,10:44:05
PM,amaly,LOGON,none,2020-01-03,10:45:49
PM,tlalka,LOGOFF,none,2020-01-03,10:47:20
SALES,gnyski,SELECT,DISTRIBUTORS,2020-01-03,10:47:59
PM,amaly,LOGON,none,2020-01-03,10:48:53
PM,mwarzycha,CREATE TABLE,none,2020-01-03,10:49:44
PM,kespiel,LOGOFF,none,2020-01-03,10:49:49
SALES,aosinska,SELECT,PRODUCTS,2020-01-03,10:51:43
PM,pskala,LOGOFF,none,2020-01-03,10:51:53
SALES,aosinska,DELETE,ORDERS,2020-01-03,10:51:57
PM,aosinska,DELETE,PROJECT_STATUS,2020-01-03,10:52:28
PM,app,UPDATE,DIVISIONS,2020-01-03,10:52:52
PM,kespiel,LOGOFF,none,2020-01-03,10:52:55
PM,mwyjko,LOGOFF,none,2020-01-03,10:53:31
PM,app,SET ROLE,none,2020-01-03,10:53:48
PM,mwarzycha,CREATE ROLE,none,2020-01-03,10:54:47
PM,amaly,LOGON,none,2020-01-03,10:55:40
SALES,ktarnows,INSERT,ORDERS,2020-01-03,10:55:55
PM,mszkopianski,INSERT,PROJECT_DETAILS,2020-01-03,10:55:56
PM,amaly,LOGON,none,2020-01-03,10:55:57
PM,ktarnows,DELETE,PROJECT_CATEGORY,2020-01-03,10:56:21
SALES,mwarzycha,SELECT,ORDERS,2020-01-03,10:56:27
PM,apuzon,INSERT,EXPERIENCES,2020-01-03,10:56:28
PM,amaly,LOGON,none,2020-01-03,10:57:00
SALES,mwarzycha,SELECT,DISTRIBUTORS,2020-01-03,10:57:11
PM,amaly,LOGON,none,2020-01-03,10:58:42
PM,kespiel,ALTER,DIVISIONS,2020-01-03,10:59:03
PM,app,DROP USER,none,2020-01-03,10:59:38
SALES,aosinska,UPDATE,WAREHOUSES,2020-01-03,11:00:53
PM,apuzon,LOGOFF,none,2020-01-03,11:02:26
SALES,aosinska,DELETE,ORDERS,2020-01-03,11:02:35
PM,apuzon,SET ROLE,none,2020-01-03,11:03:07
PM,ktarnows,UPDATE,SKILLS,2020-01-03,11:03:55
PM,rbielik,ALTER USER,none,2020-01-03,11:04:42
PM,mwarzycha,ALTER,SKILLS,2020-01-03,11:05:14
PM,kuszka,SELECT,CLIENTS,2020-01-03,11:06:22
PM,kuszka,DELETE,PROJECT_STATUS,2020-01-03,11:08:46
PM,aosinska,INSERT,PROJECT_STATUS,2020-01-03,11:09:23
SALES,apuzon,INSERT,PRODUCTS,2020-01-03,11:10:21
SALES,gostrow,INSERT,WAREHOUSES,2020-01-03,11:11:15
PM,sbaszel,LOGOFF,none,2020-01-03,11:11:25
SALES,mwarzycha,DELETE,ORDERS,2020-01-03,11:11:30
PM,app,UPDATE,CLIENTS,2020-01-03,11:12:10
PM,pskala,LOGOFF,none,2020-01-03,11:12:14
PM,jsmidt,LOGON,none,2020-01-03,11:14:19
PM,mwyjko,CREATE ROLE,none,2020-01-03,11:15:24
PM,mwarzycha,LOGOFF,none,2020-01-03,11:15:25
PM,mwarzycha,LOGOFF,none,2020-01-03,11:16:10
PM,amaly,LOGON,none,2020-01-03,11:17:34
PM,aosinska,DELETE,PROJECT_STATUS,2020-01-03,11:18:18
SALES,kespiel,DELETE,ORDERS,2020-01-03,11:22:06
PM,kespiel,LOGOFF,none,2020-01-03,11:23:21
SALES,app,INSERT,ORDERS,2020-01-03,11:23:56
PM,pskala,LOGOFF,none,2020-01-03,11:24:39
PM,apuzon,LOGOFF,none,2020-01-03,11:25:16
PM,rbielik,UPDATE,PROJECT_CATEGORY,2020-01-03,11:25:40
PM,apuzon,DELETE,PROJECT_DETAILS,2020-01-03,11:26:40
PM,amaly,LOGON,none,2020-01-03,11:26:43
PM,app,LOGOFF,none,2020-01-03,11:27:03
PM,app,SELECT,PAYMENTS,2020-01-03,11:27:33
PM,apuzon,ALTER,TASKS,2020-01-03,11:28:26
SALES,apuzon,UPDATE,PRODUCTS,2020-01-03,11:28:27
PM,kuszka,LOGOFF,none,2020-01-03,11:29:19
PM,app,LOGOFF,none,2020-01-03,11:29:30
SALES,mjarcinska,SELECT,PRODUCTS,2020-01-03,11:30:01
PM,apuzon,LOGOFF,none,2020-01-03,11:30:07
PM,mwyjko,LOGOFF,none,2020-01-03,11:30:39
PM,sbaszel,LOGOFF,none,2020-01-03,11:33:06
PM,aosinska,ALTER,CUSTOMERS,2020-01-03,11:34:55
SALES,mszkopianski,SELECT,WAREHOUSES,2020-01-03,11:35:28
PM,zfenicki,LOGOFF,none,2020-01-03,11:35:34
SALES,kuszka,SELECT,ORDERS,2020-01-03,11:36:10
PM,kespiel,LOGOFF,none,2020-01-03,11:36:18
SALES,rbielik,SELECT,DISTRIBUTORS,2020-01-03,11:38:10
PM,kespiel,SELECT,SKILLS,2020-01-03,11:38:15
PM,ktarnows,SELECT,ASSIGNMENTS,2020-01-03,11:38:24
PM,aosinska,SELECT,PROJECTS,2020-01-03,11:38:44
PM,aosinska,LOGOFF,none,2020-01-03,11:39:40
PM,sbaszel,LOGOFF,none,2020-01-03,11:40:17
PM,sbaszel,DELETE,SKILLS,2020-01-03,11:40:35
SALES,pskala,INSERT,ORDERS,2020-01-03,11:40:40
PM,sbaszel,UPDATE,CLIENTS,2020-01-03,11:41:13
SALES,mwarzycha,SELECT,PRODUCTS,2020-01-03,11:42:49
PM,kuszka,LOGOFF,none,2020-01-03,11:43:21
PM,sbaszel,DELETE,CUSTOMERS,2020-01-03,11:46:04
PM,ktarnows,LOGOFF,none,2020-01-03,11:46:23
PM,mwarzycha,ALTER,CUSTOMERS,2020-01-03,11:46:30
PM,mwarzycha,UPDATE,PAYMENTS,2020-01-03,11:46:31
PM,mwarzycha,LOGOFF,none,2020-01-03,11:46:35
PM,rbielik,LOGOFF,none,2020-01-03,11:47:00
PM,gnyski,ALTER,PROJECT_DETAILS,2020-01-03,11:48:08
PM,mwarzycha,SELECT,PROJECT_TYPE,2020-01-03,11:54:14
PM,mszkopianski,SELECT,EMPLOYEES,2020-01-03,11:54:40
PM,app,INSERT,CLIENTS,2020-01-03,11:56:11
PM,mwyjko,ALTER USER,none,2020-01-03,11:58:20
PM,kespiel,SELECT,CUSTOMERS,2020-01-03,11:59:56
SALES,kespiel,UPDATE,WAREHOUSES,2020-01-03,12:00:17
PM,amaly,LOGON,none,2020-01-03,12:01:55
PM,aosinska,SELECT,CUSTOMERS,2020-01-03,12:04:26
PM,aosinska,DELETE,CUSTOMERS,2020-01-03,12:05:04
PM,mwyjko,CREATE ROLE,none,2020-01-03,12:05:21
PM,sbaszel,INSERT,PROJECT_CATEGORY,2020-01-03,12:05:29
PM,app,DROP USER,none,2020-01-03,12:06:56
PM,mwarzycha,LOGOFF,none,2020-01-03,12:07:03
PM,kespiel,LOGOFF,none,2020-01-03,12:07:09
PM,ktarnows,SELECT,PAYMENTS,2020-01-03,12:07:38
PM,aosinska,LOGOFF,none,2020-01-03,12:08:20
PM,sbaszel,LOGOFF,none,2020-01-03,12:09:06
SALES,app,INSERT,ORDERS,2020-01-03,12:10:45
PM,kuszka,ALTER,PROJECT_STATUS,2020-01-03,12:11:11
PM,ktarnows,LOGOFF,none,2020-01-03,12:11:31
PM,amaly,LOGON,none,2020-01-03,12:12:29
PM,mwarzycha,LOGOFF,none,2020-01-03,12:13:40
SALES,ktarnows,SELECT,PRODUCTS,2020-01-03,12:14:18
PM,zfenicki,INSERT,SKILLS,2020-01-03,12:15:30
SALES,sbaszel,DELETE,DISTRIBUTORS,2020-01-03,12:16:42
PM,kuszka,LOGOFF,none,2020-01-03,12:17:08
PM,apuzon,LOGOFF,none,2020-01-03,12:17:55
PM,jsmidt,LOGON,none,2020-01-03,12:18:15
PM,sbaszel,UPDATE,SKILLS,2020-01-03,12:18:20
PM,aosinska,SELECT,PROJECTS,2020-01-03,12:18:42
PM,app,ALTER,DIVISIONS,2020-01-03,12:19:03
PM,anowotworski,SET ROLE,none,2020-01-03,12:19:40
PM,apuzon,DROP USER,none,2020-01-03,12:20:09
PM,apuzon,LOGOFF,none,2020-01-03,12:23:08
PM,kuszka,LOGOFF,none,2020-01-03,12:23:18
PM,mwarzycha,LOGOFF,none,2020-01-03,12:25:07
SALES,zfenicki,UPDATE,WAREHOUSES,2020-01-03,12:27:08
PM,aosinska,LOGOFF,none,2020-01-03,12:27:12
PM,app,SELECT,PAYMENTS,2020-01-03,12:27:50
PM,gostrow,UPDATE,EXPERIENCES,2020-01-03,12:27:55
PM,amaly,LOGON,none,2020-01-03,12:28:22
PM,tlalka,SELECT,CUSTOMERS,2020-01-03,12:28:23
PM,mwarzycha,LOGOFF,none,2020-01-03,12:28:57
PM,kuszka,LOGOFF,none,2020-01-03,12:30:16
PM,aosinska,LOGOFF,none,2020-01-03,12:30:35
PM,gostrow,UPDATE,CLIENTS,2020-01-03,12:30:44
PM,mwarzycha,LOGOFF,none,2020-01-03,12:31:25
PM,amaly,LOGON,none,2020-01-03,12:31:29
SALES,mwarzycha,UPDATE,WAREHOUSES,2020-01-03,12:32:11
PM,gnyski,INSERT,TASKS,2020-01-03,12:32:35
SALES,rbielik,SELECT,WAREHOUSES,2020-01-03,12:34:12
SALES,apuzon,SELECT,DISTRIBUTORS,2020-01-03,12:35:51
PM,ktarnows,INSERT,DEPARTMENTS,2020-01-03,12:35:53
PM,aosinska,LOGOFF,none,2020-01-03,12:36:16
PM,sbaszel,LOGOFF,none,2020-01-03,12:39:48
PM,mjarcinska,ALTER,EXPERIENCES,2020-01-03,12:39:48
PM,anowotworski,UPDATE,PROJECT_CATEGORY,2020-01-03,12:40:01
SALES,aosinska,UPDATE,WAREHOUSES,2020-01-03,12:41:40
PM,kuszka,LOGOFF,none,2020-01-03,12:41:43
SALES,aosinska,SELECT,ORDERS,2020-01-03,12:42:39
PM,aosinska,INSERT,DEPARTMENTS,2020-01-03,12:44:08
PM,aosinska,LOGOFF,none,2020-01-03,12:45:00
PM,kespiel,SELECT,EMPLOYEES,2020-01-03,12:46:09
PM,amaly,LOGON,none,2020-01-03,12:46:57
SALES,apuzon,SELECT,DISTRIBUTORS,2020-01-03,12:48:41
SALES,gostrow,INSERT,WAREHOUSES,2020-01-03,12:49:35
PM,aosinska,SELECT,CUSTOMERS,2020-01-03,12:49:37
PM,amaly,LOGON,none,2020-01-03,12:49:57
PM,kespiel,ALTER,ASSIGNMENTS,2020-01-03,12:50:30
PM,amaly,LOGON,none,2020-01-03,12:51:07
PM,mwyjko,LOGOFF,none,2020-01-03,12:51:25
PM,ktarnows,LOGOFF,none,2020-01-03,12:52:25
PM,adynka,DROP USER,none,2020-01-03,12:52:44
PM,zfenicki,SELECT,ASSIGNMENTS,2020-01-03,12:53:40
PM,rbielik,ALTER,PROJECT_CATEGORY,2020-01-03,12:53:54
SALES,mszkopianski,INSERT,ORDERS,2020-01-03,12:54:14
PM,gnyski,LOGOFF,none,2020-01-03,12:54:39
PM,app,LOGOFF,none,2020-01-03,12:55:31
PM,amaly,LOGON,none,2020-01-03,12:56:56
PM,amaly,LOGON,none,2020-01-03,12:59:24
PM,apuzon,LOGOFF,none,2020-01-03,13:01:25
PM,mjarcinska,UPDATE,PAYMENTS,2020-01-03,13:01:32
PM,mwarzycha,LOGOFF,none,2020-01-03,13:02:18
PM,app,DELETE,CUSTOMERS,2020-01-03,13:04:00
SALES,apuzon,SELECT,WAREHOUSES,2020-01-03,13:04:48
PM,ktarnows,INSERT,CLIENTS,2020-01-03,13:05:03
PM,aosinska,LOGOFF,none,2020-01-03,13:05:13
PM,gostrow,ALTER,PAYMENTS,2020-01-03,13:05:48
PM,jsmidt,LOGON,none,2020-01-03,13:06:29
PM,app,INSERT,CLIENTS,2020-01-03,13:07:31
PM,mwyjko,LOGOFF,none,2020-01-03,13:07:41
PM,app,SET ROLE,none,2020-01-03,13:08:14
PM,sbaszel,DELETE,CUSTOMERS,2020-01-03,13:09:30
SALES,sbaszel,INSERT,ORDERS,2020-01-03,13:10:12
PM,mszkopianski,LOGOFF,none,2020-01-03,13:11:35
PM,rbielik,UPDATE,PROJECTS,2020-01-03,13:11:57
PM,mwyjko,LOGOFF,none,2020-01-03,13:13:11
SALES,anowotworski,UPDATE,WAREHOUSES,2020-01-03,13:13:16
PM,app,LOGOFF,none,2020-01-03,13:14:04
PM,rbielik,LOGOFF,none,2020-01-03,13:14:16
SALES,app,UPDATE,WAREHOUSES,2020-01-03,13:14:48
PM,aosinska,UPDATE,CUSTOMERS,2020-01-03,13:15:57
PM,anowotworski,CREATE ROLE,none,2020-01-03,13:17:46
PM,amaly,LOGON,none,2020-01-03,13:17:47
SALES,ktarnows,SELECT,ORDERS,2020-01-03,13:19:23
PM,aosinska,LOGOFF,none,2020-01-03,13:21:03
SALES,rbielik,SELECT,WAREHOUSES,2020-01-03,13:21:10
SALES,apuzon,SELECT,ORDERS,2020-01-03,13:21:49
PM,ktarnows,SELECT,SKILLS,2020-01-03,13:23:55
PM,app,UPDATE,PROJECT_CATEGORY,2020-01-03,13:26:35
PM,ktarnows,INSERT,PAYMENTS,2020-01-03,13:27:03
PM,kuszka,SELECT,ASSIGNMENTS,2020-01-03,13:27:42
PM,gnyski,INSERT,PROJECT_CATEGORY,2020-01-03,13:28:06
PM,app,INSERT,DIVISIONS,2020-01-03,13:28:20
SALES,rbielik,INSERT,WAREHOUSES,2020-01-03,13:29:33
PM,amaly,LOGON,none,2020-01-03,13:30:07
PM,gostrow,UPDATE,PAYMENTS,2020-01-03,13:31:09
SALES,aosinska,INSERT,ORDERS,2020-01-03,13:31:33
PM,apuzon,INSERT,CUSTOMERS,2020-01-03,13:32:13
PM,kespiel,SELECT,TASKS,2020-01-03,13:32:41
PM,kuszka,DROP USER,none,2020-01-03,13:33:34
PM,ktarnows,LOGOFF,none,2020-01-03,13:34:34
PM,mwarzycha,CREATE TABLE,none,2020-01-03,13:34:42
PM,app,INSERT,PAYMENTS,2020-01-03,13:35:03
PM,apuzon,UPDATE,PROJECTS,2020-01-03,13:35:41
SALES,mszkopianski,SELECT,DISTRIBUTORS,2020-01-03,13:36:14
SALES,tlalka,UPDATE,PRODUCTS,2020-01-03,13:38:00
SALES,ktarnows,SELECT,ORDERS,2020-01-03,13:38:47
PM,jsmidt,LOGON,none,2020-01-03,13:39:58
PM,gnyski,INSERT,PROJECT_TYPE,2020-01-03,13:40:51
PM,rbielik,SELECT,CLIENTS,2020-01-03,13:41:10
PM,mwyjko,LOGOFF,none,2020-01-03,13:41:55
SALES,mszkopianski,UPDATE,WAREHOUSES,2020-01-03,13:41:55
PM,mwarzycha,LOGOFF,none,2020-01-03,13:42:53
SALES,mwarzycha,SELECT,PRODUCTS,2020-01-03,13:43:45
PM,zkrepy,LOGON,none,2020-01-03,13:46:25
PM,kuszka,SELECT,PROJECT_STATUS,2020-01-03,13:48:06
PM,ktarnows,DELETE,PROJECT_DETAILS,2020-01-03,13:49:03
PM,sbaszel,LOGOFF,none,2020-01-03,13:49:20
SALES,kespiel,SELECT,ORDERS,2020-01-03,13:50:06
PM,apuzon,LOGOFF,none,2020-01-03,13:51:20
PM,sbaszel,LOGOFF,none,2020-01-03,13:51:33
PM,amaly,LOGON,none,2020-01-03,13:52:00
SALES,sbaszel,SELECT,ORDERS,2020-01-03,13:53:11
PM,mszkopianski,SELECT,TASKS,2020-01-03,13:54:07
PM,mwarzycha,CREATE TABLE,none,2020-01-03,13:55:30
SALES,ktarnows,UPDATE,ORDERS,2020-01-03,13:55:32
SALES,pskala,INSERT,ORDERS,2020-01-03,13:55:51
PM,amaly,LOGON,none,2020-01-03,13:55:51
SALES,ktarnows,UPDATE,WAREHOUSES,2020-01-03,13:56:41
PM,zfenicki,LOGOFF,none,2020-01-03,13:57:53
PM,mwarzycha,UPDATE,CLIENTS,2020-01-03,13:58:13
PM,mjarcinska,DELETE,PAYMENTS,2020-01-03,13:59:05
PM,gostrow,INSERT,PROJECT_CATEGORY,2020-01-03,13:59:09
SALES,kespiel,SELECT,WAREHOUSES,2020-01-03,13:59:16
PM,app,INSERT,DIVISIONS,2020-01-03,14:00:18
SALES,mwarzycha,UPDATE,WAREHOUSES,2020-01-03,14:00:43
PM,apuzon,LOGOFF,none,2020-01-03,14:00:53
PM,mszkopianski,UPDATE,PROJECTS,2020-01-03,14:01:29
PM,gostrow,DELETE,PROJECT_CATEGORY,2020-01-03,14:02:05
SALES,kuszka,INSERT,ORDERS,2020-01-03,14:02:11
PM,kespiel,LOGOFF,none,2020-01-03,14:02:27
PM,sbaszel,LOGOFF,none,2020-01-03,14:03:28
SALES,rbielik,INSERT,ORDERS,2020-01-03,14:06:56
PM,amaly,LOGON,none,2020-01-03,14:07:03
PM,mwarzycha,LOGOFF,none,2020-01-03,14:07:08
PM,gnyski,LOGOFF,none,2020-01-03,14:07:08
SALES,adynka,SELECT,WAREHOUSES,2020-01-03,14:07:35
PM,gostrow,INSERT,PROJECT_STATUS,2020-01-03,14:08:24
SALES,aosinska,UPDATE,WAREHOUSES,2020-01-03,14:09:03
PM,sbaszel,LOGOFF,none,2020-01-03,14:10:15
PM,sbaszel,SELECT,ASSIGNMENTS,2020-01-03,14:11:17
PM,amaly,LOGON,none,2020-01-03,14:11:45
PM,app,CREATE ROLE,none,2020-01-03,14:12:24
PM,mwarzycha,LOGOFF,none,2020-01-03,14:12:27
PM,app,INSERT,ASSIGNMENTS,2020-01-03,14:14:05
PM,mwarzycha,UPDATE,PROJECT_DETAILS,2020-01-03,14:14:44
PM,apuzon,DELETE,ASSIGNMENTS,2020-01-03,14:15:14
PM,mwyjko,LOGOFF,none,2020-01-03,14:16:26
PM,mwarzycha,UPDATE,CLIENTS,2020-01-03,14:16:38
SALES,mszkopianski,UPDATE,DISTRIBUTORS,2020-01-03,14:17:57
SALES,rbielik,DELETE,WAREHOUSES,2020-01-03,14:18:32
PM,mwarzycha,LOGOFF,none,2020-01-03,14:18:56
PM,kespiel,SELECT,ASSIGNMENTS,2020-01-03,14:21:15
PM,tlalka,LOGOFF,none,2020-01-03,14:21:59
SALES,sbaszel,INSERT,ORDERS,2020-01-03,14:22:02
SALES,apuzon,SELECT,DISTRIBUTORS,2020-01-03,14:23:04
PM,mszkopianski,SELECT,DEPARTMENTS,2020-01-03,14:23:12
SALES,sbaszel,SELECT,WAREHOUSES,2020-01-03,14:23:29
PM,gostrow,UPDATE,CUSTOMERS,2020-01-03,14:25:52
PM,zfenicki,LOGOFF,none,2020-01-03,14:27:27
PM,gostrow,SELECT,CLIENTS,2020-01-03,14:28:43
PM,mwarzycha,ALTER,PROJECT_DETAILS,2020-01-03,14:29:22
PM,zfenicki,LOGOFF,none,2020-01-03,14:30:56
PM,sbaszel,LOGOFF,none,2020-01-03,14:31:44
PM,amaly,LOGON,none,2020-01-03,14:32:04
PM,anowotworski,LOGOFF,none,2020-01-03,14:32:13
PM,mjarcinska,SET ROLE,none,2020-01-03,14:32:31
PM,ktarnows,DROP USER,none,2020-01-03,14:33:27
PM,ktarnows,INSERT,TASKS,2020-01-03,14:34:40
SALES,apuzon,UPDATE,WAREHOUSES,2020-01-03,14:35:17
PM,tlalka,SET ROLE,none,2020-01-03,14:37:12
PM,ktarnows,LOGOFF,none,2020-01-03,14:37:49
PM,mwarzycha,SELECT,TASKS,2020-01-03,14:39:53
PM,gnyski,DELETE,PAYMENTS,2020-01-03,14:40:26
SALES,ktarnows,SELECT,ORDERS,2020-01-03,14:41:09
SALES,ktarnows,SELECT,DISTRIBUTORS,2020-01-03,14:41:54
SALES,apuzon,UPDATE,DISTRIBUTORS,2020-01-03,14:42:22
PM,aosinska,LOGOFF,none,2020-01-03,14:42:31
PM,mwarzycha,DROP USER,none,2020-01-03,14:43:11
PM,kespiel,SELECT,TASKS,2020-01-03,14:44:43
SALES,app,SELECT,ORDERS,2020-01-03,14:46:47
SALES,mwyjko,SELECT,ORDERS,2020-01-03,14:47:36
SALES,app,UPDATE,ORDERS,2020-01-03,14:47:51
SALES,kespiel,UPDATE,ORDERS,2020-01-03,14:47:51
PM,anowotworski,LOGOFF,none,2020-01-03,14:48:21
SALES,adynka,ALTER,ORDERS,2020-01-03,14:48:33
PM,aosinska,LOGOFF,none,2020-01-03,14:49:11
PM,gnyski,INSERT,PROJECT_TYPE,2020-01-03,14:51:02
PM,mwarzycha,ALTER,PROJECT_CATEGORY,2020-01-03,14:52:50
SALES,mszkopianski,SELECT,DISTRIBUTORS,2020-01-03,14:53:10
SALES,aosinska,UPDATE,ORDERS,2020-01-03,14:56:06
PM,gostrow,LOGOFF,none,2020-01-03,14:56:45
PM,aosinska,SELECT,PAYMENTS,2020-01-03,14:57:03
PM,aosinska,SET ROLE,none,2020-01-03,14:57:10
PM,kuszka,LOGOFF,none,2020-01-03,14:58:57
SALES,app,UPDATE,WAREHOUSES,2020-01-03,15:00:16
PM,kespiel,LOGOFF,none,2020-01-03,15:01:01
PM,gnyski,LOGOFF,none,2020-01-03,15:02:43
SALES,apuzon,UPDATE,ORDERS,2020-01-03,15:03:13
PM,aosinska,LOGOFF,none,2020-01-03,15:04:08
PM,mwarzycha,UPDATE,PAYMENTS,2020-01-03,15:05:59
SALES,apuzon,ALTER,WAREHOUSES,2020-01-03,15:06:03
PM,apuzon,SET ROLE,none,2020-01-03,15:07:02
SALES,aosinska,SELECT,DISTRIBUTORS,2020-01-03,15:07:34
SALES,anowotworski,DELETE,DISTRIBUTORS,2020-01-03,15:07:37
PM,mszkopianski,LOGOFF,none,2020-01-03,15:09:04
PM,aosinska,LOGOFF,none,2020-01-03,15:11:09
SALES,mwarzycha,SELECT,DISTRIBUTORS,2020-01-03,15:12:04
PM,app,INSERT,DIVISIONS,2020-01-03,15:12:11
PM,apuzon,INSERT,PROJECT_CATEGORY,2020-01-03,15:15:06
SALES,aosinska,SELECT,ORDERS,2020-01-03,15:15:36
PM,ktarnows,DELETE,PROJECT_DETAILS,2020-01-03,15:16:25
PM,zfenicki,LOGOFF,none,2020-01-03,15:16:57
PM,rbielik,LOGOFF,none,2020-01-03,15:18:21
PM,mszkopianski,LOGOFF,none,2020-01-03,15:18:33
SALES,kespiel,UPDATE,WAREHOUSES,2020-01-03,15:21:17
PM,mwarzycha,INSERT,CUSTOMERS,2020-01-03,15:21:24
PM,mwyjko,UPDATE,PROJECT_DETAILS,2020-01-03,15:22:04
PM,aosinska,SELECT,TASKS,2020-01-03,15:23:55
PM,mwarzycha,SELECT,PROJECT_DETAILS,2020-01-03,15:25:11
PM,mjarcinska,LOGOFF,none,2020-01-03,15:27:16
PM,anowotworski,DELETE,PROJECT_DETAILS,2020-01-03,15:28:12
PM,amaly,LOGON,none,2020-01-03,15:28:28
SALES,aosinska,INSERT,PRODUCTS,2020-01-03,15:28:39
SALES,mwarzycha,UPDATE,ORDERS,2020-01-03,15:29:38
PM,zkrepy,LOGON,none,2020-01-03,15:30:14
PM,mwyjko,SET ROLE,none,2020-01-03,15:31:21
PM,mwarzycha,LOGOFF,none,2020-01-03,15:31:24
PM,rbielik,ALTER,SKILLS,2020-01-03,15:31:35
SALES,apuzon,INSERT,ORDERS,2020-01-03,15:31:38
PM,zfenicki,LOGOFF,none,2020-01-03,15:32:26
PM,mwarzycha,LOGOFF,none,2020-01-03,15:32:46
PM,gostrow,LOGOFF,none,2020-01-03,15:32:49
PM,aosinska,LOGOFF,none,2020-01-03,15:33:12
PM,app,UPDATE,PAYMENTS,2020-01-03,15:34:00
SALES,gnyski,SELECT,PRODUCTS,2020-01-03,15:34:02
PM,kuszka,SELECT,CUSTOMERS,2020-01-03,15:34:58
SALES,sbaszel,SELECT,DISTRIBUTORS,2020-01-03,15:35:27
PM,app,DELETE,PAYMENTS,2020-01-03,15:35:29
PM,app,UPDATE,DEPARTMENTS,2020-01-03,15:36:35
PM,mszkopianski,SELECT,PROJECT_STATUS,2020-01-03,15:37:54
SALES,ktarnows,SELECT,ORDERS,2020-01-03,15:39:17
PM,gnyski,LOGOFF,none,2020-01-03,15:39:41
SALES,apuzon,SELECT,PRODUCTS,2020-01-03,15:39:58
PM,amaly,LOGON,none,2020-01-03,15:41:15
SALES,ktarnows,UPDATE,PRODUCTS,2020-01-03,15:44:18
SALES,sbaszel,SELECT,PRODUCTS,2020-01-03,15:45:15
SALES,gnyski,UPDATE,WAREHOUSES,2020-01-03,15:46:09
SALES,aosinska,UPDATE,WAREHOUSES,2020-01-03,15:46:20
PM,aosinska,INSERT,SKILLS,2020-01-03,15:46:28
PM,jsmidt,LOGON,none,2020-01-03,15:46:49
SALES,mszkopianski,SELECT,ORDERS,2020-01-03,15:46:56
PM,apuzon,ALTER,PROJECT_STATUS,2020-01-03,15:49:51
PM,ktarnows,LOGOFF,none,2020-01-03,15:50:46
PM,amaly,LOGON,none,2020-01-03,15:50:47
PM,aosinska,LOGOFF,none,2020-01-03,15:51:44
PM,apuzon,INSERT,CUSTOMERS,2020-01-03,15:52:01
PM,amaly,LOGON,none,2020-01-03,15:52:13
PM,mwarzycha,LOGOFF,none,2020-01-03,15:53:53
PM,zfenicki,LOGOFF,none,2020-01-03,15:55:26
PM,app,ALTER,PROJECT_TYPE,2020-01-03,15:56:23
PM,apuzon,INSERT,CLIENTS,2020-01-03,15:56:38
PM,ktarnows,LOGOFF,none,2020-01-03,15:58:17
SALES,mwarzycha,DELETE,ORDERS,2020-01-03,15:59:23
PM,amaly,LOGON,none,2020-01-03,16:00:52
PM,jsmidt,LOGON,none,2020-01-03,16:01:09
PM,ktarnows,INSERT,PAYMENTS,2020-01-03,16:01:38
PM,app,UPDATE,PAYMENTS,2020-01-03,16:04:06
SALES,kuszka,SELECT,ORDERS,2020-01-03,16:05:40
PM,mjarcinska,SELECT,ASSIGNMENTS,2020-01-03,16:06:05
PM,app,LOGOFF,none,2020-01-03,16:06:13
PM,adynka,DELETE,PROJECT_DETAILS,2020-01-03,16:07:24
SALES,app,SELECT,DISTRIBUTORS,2020-01-03,16:11:05
PM,kespiel,UPDATE,TASKS,2020-01-03,16:11:31
PM,amaly,LOGON,none,2020-01-03,16:12:07
PM,app,SELECT,PROJECTS,2020-01-03,16:12:31
PM,kuszka,DELETE,TASKS,2020-01-03,16:12:44
PM,amaly,LOGON,none,2020-01-03,16:13:38
SALES,ktarnows,INSERT,ORDERS,2020-01-03,16:14:42
PM,sbaszel,UPDATE,PAYMENTS,2020-01-03,16:15:54
PM,gnyski,LOGOFF,none,2020-01-03,16:17:02
PM,sbaszel,LOGOFF,none,2020-01-03,16:17:11
PM,zkrepy,LOGON,none,2020-01-03,16:17:41
PM,zfenicki,LOGOFF,none,2020-01-03,16:18:30
PM,mjarcinska,UPDATE,PROJECT_DETAILS,2020-01-03,16:19:02
PM,sbaszel,SET ROLE,none,2020-01-03,16:19:25
SALES,ktarnows,UPDATE,ORDERS,2020-01-03,16:19:49
PM,amaly,LOGON,none,2020-01-03,16:20:08
SALES,kuszka,SELECT,DISTRIBUTORS,2020-01-03,16:22:19
SALES,mwarzycha,UPDATE,PRODUCTS,2020-01-03,16:22:19
PM,gostrow,LOGOFF,none,2020-01-03,16:22:31
SALES,kespiel,INSERT,DISTRIBUTORS,2020-01-03,16:23:23
SALES,sbaszel,SELECT,ORDERS,2020-01-03,16:24:52
PM,ktarnows,INSERT,PROJECTS,2020-01-03,16:25:34
PM,kuszka,INSERT,PROJECT_DETAILS,2020-01-03,16:26:07
SALES,kespiel,UPDATE,WAREHOUSES,2020-01-03,16:26:23
PM,amaly,LOGON,none,2020-01-03,16:26:47
PM,mwarzycha,SELECT,CUSTOMERS,2020-01-03,16:26:53
SALES,ktarnows,UPDATE,DISTRIBUTORS,2020-01-03,16:27:08
SALES,apuzon,INSERT,DISTRIBUTORS,2020-01-03,16:27:35
PM,gostrow,LOGOFF,none,2020-01-03,16:28:04
PM,pskala,LOGOFF,none,2020-01-03,16:28:57
PM,kespiel,DELETE,ASSIGNMENTS,2020-01-03,16:28:57
PM,zkrepy,LOGON,none,2020-01-03,16:29:12
PM,kuszka,UPDATE,PAYMENTS,2020-01-03,16:32:12
SALES,ktarnows,DELETE,ORDERS,2020-01-03,16:33:02
PM,mwarzycha,LOGOFF,none,2020-01-03,16:34:00
PM,mwarzycha,SET ROLE,none,2020-01-03,16:37:06
SALES,tlalka,DELETE,ORDERS,2020-01-03,16:38:07
PM,rbielik,UPDATE,SKILLS,2020-01-03,16:38:13
PM,app,LOGOFF,none,2020-01-03,16:42:12
PM,amaly,LOGON,none,2020-01-03,16:43:16
PM,amaly,LOGON,none,2020-01-03,16:44:07
SALES,adynka,DELETE,DISTRIBUTORS,2020-01-03,16:46:24
PM,pskala,LOGOFF,none,2020-01-03,16:46:52
SALES,ktarnows,UPDATE,WAREHOUSES,2020-01-03,16:46:55
PM,mszkopianski,SELECT,PROJECTS,2020-01-03,16:47:12
PM,sbaszel,DELETE,PROJECT_TYPE,2020-01-03,16:47:48
PM,gostrow,LOGOFF,none,2020-01-03,16:48:06
SALES,aosinska,ALTER,ORDERS,2020-01-03,16:48:49
PM,sbaszel,UPDATE,TASKS,2020-01-03,16:49:48
PM,mwyjko,ALTER USER,none,2020-01-03,16:49:50
PM,kespiel,LOGOFF,none,2020-01-03,16:50:05
PM,gnyski,LOGOFF,none,2020-01-03,16:50:35
PM,kespiel,UPDATE,PAYMENTS,2020-01-03,16:51:01
PM,sbaszel,LOGOFF,none,2020-01-03,16:56:41
SALES,app,UPDATE,WAREHOUSES,2020-01-03,16:56:43
PM,apuzon,LOGOFF,none,2020-01-03,16:57:02
PM,aosinska,LOGOFF,none,2020-01-03,16:57:27
PM,jsmidt,LOGON,none,2020-01-03,16:57:40
PM,amaly,LOGON,none,2020-01-03,16:58:09
PM,gnyski,LOGOFF,none,2020-01-03,16:58:09
PM,mszkopianski,LOGOFF,none,2020-01-03,16:58:51
PM,aosinska,LOGOFF,none,2020-01-03,16:59:20
PM,gostrow,ALTER,SKILLS,2020-01-03,16:59:21
SALES,aosinska,DELETE,ORDERS,2020-01-06,09:02:08
PM,gostrow,SELECT,PROJECT_TYPE,2020-01-06,09:02:40
PM,amaly,LOGON,none,2020-01-06,09:03:13
PM,apuzon,LOGOFF,none,2020-01-06,09:04:46
PM,mwarzycha,SELECT,PROJECT_STATUS,2020-01-06,09:05:27
SALES,aosinska,SELECT,ORDERS,2020-01-06,09:08:55
PM,apuzon,CREATE TABLE,none,2020-01-06,09:11:31
SALES,apuzon,SELECT,ORDERS,2020-01-06,09:12:26
PM,gostrow,DELETE,EXPERIENCES,2020-01-06,09:13:32
PM,sbaszel,LOGOFF,none,2020-01-06,09:13:40
PM,ktarnows,LOGOFF,none,2020-01-06,09:14:50
PM,apuzon,CREATE TABLE,none,2020-01-06,09:15:20
PM,gostrow,UPDATE,PROJECT_DETAILS,2020-01-06,09:16:51
SALES,mwyjko,SELECT,PRODUCTS,2020-01-06,09:19:12
PM,sbaszel,LOGOFF,none,2020-01-06,09:19:20
SALES,aosinska,SELECT,ORDERS,2020-01-06,09:19:56
PM,app,INSERT,CUSTOMERS,2020-01-06,09:20:01
PM,sbaszel,DELETE,PAYMENTS,2020-01-06,09:20:38
SALES,ktarnows,DELETE,ORDERS,2020-01-06,09:22:47
PM,app,LOGOFF,none,2020-01-06,09:23:28
PM,sbaszel,LOGOFF,none,2020-01-06,09:25:57
PM,amaly,LOGON,none,2020-01-06,09:25:59
PM,kuszka,ALTER,PROJECT_TYPE,2020-01-06,09:27:01
PM,mszkopianski,LOGOFF,none,2020-01-06,09:27:32
PM,apuzon,INSERT,DEPARTMENTS,2020-01-06,09:29:00
PM,jsmidt,LOGON,none,2020-01-06,09:30:36
SALES,aosinska,UPDATE,WAREHOUSES,2020-01-06,09:30:42
PM,apuzon,DELETE,ASSIGNMENTS,2020-01-06,09:31:06
SALES,sbaszel,UPDATE,ORDERS,2020-01-06,09:32:36
PM,apuzon,LOGOFF,none,2020-01-06,09:32:40
SALES,app,SELECT,ORDERS,2020-01-06,09:35:02
PM,mjarcinska,LOGOFF,none,2020-01-06,09:35:15
PM,ktarnows,LOGOFF,none,2020-01-06,09:35:34
PM,sbaszel,LOGOFF,none,2020-01-06,09:35:59
PM,amaly,LOGON,none,2020-01-06,09:37:31
PM,mjarcinska,LOGOFF,none,2020-01-06,09:38:17
SALES,ktarnows,SELECT,DISTRIBUTORS,2020-01-06,09:38:28
PM,zfenicki,INSERT,PAYMENTS,2020-01-06,09:38:43
PM,mszkopianski,SELECT,TASKS,2020-01-06,09:39:01
SALES,app,SELECT,DISTRIBUTORS,2020-01-06,09:39:03
SALES,sbaszel,SELECT,WAREHOUSES,2020-01-06,09:41:37
PM,ktarnows,INSERT,PROJECTS,2020-01-06,09:42:50
PM,sbaszel,LOGOFF,none,2020-01-06,09:44:10
PM,rbielik,SELECT,TASKS,2020-01-06,09:44:19
SALES,rbielik,INSERT,ORDERS,2020-01-06,09:44:21
SALES,apuzon,SELECT,ORDERS,2020-01-06,09:45:01
PM,sbaszel,LOGOFF,none,2020-01-06,09:45:31
PM,mwarzycha,LOGOFF,none,2020-01-06,09:47:00
PM,gostrow,SELECT,EMPLOYEES,2020-01-06,09:47:05
SALES,zfenicki,DELETE,ORDERS,2020-01-06,09:47:26
PM,gnyski,DELETE,TASKS,2020-01-06,09:47:31
PM,aosinska,CREATE TABLE,none,2020-01-06,09:48:12
SALES,mwyjko,SELECT,ORDERS,2020-01-06,09:48:16
PM,sbaszel,SELECT,PAYMENTS,2020-01-06,09:50:24
PM,mjarcinska,LOGOFF,none,2020-01-06,09:51:43
PM,ktarnows,UPDATE,EXPERIENCES,2020-01-06,09:52:12
PM,aosinska,DELETE,PAYMENTS,2020-01-06,09:52:47
SALES,mszkopianski,INSERT,WAREHOUSES,2020-01-06,09:53:35
PM,aosinska,UPDATE,PAYMENTS,2020-01-06,09:54:00
PM,aosinska,LOGOFF,none,2020-01-06,09:54:29
PM,apuzon,UPDATE,PROJECT_CATEGORY,2020-01-06,09:56:22
PM,mwarzycha,DELETE,PROJECT_DETAILS,2020-01-06,09:56:47
SALES,ktarnows,INSERT,ORDERS,2020-01-06,09:57:14
PM,anowotworski,INSERT,PROJECT_STATUS,2020-01-06,09:58:49
PM,mwyjko,SELECT,CLIENTS,2020-01-06,09:59:11
PM,app,LOGOFF,none,2020-01-06,09:59:23
PM,amaly,LOGON,none,2020-01-06,09:59:27
PM,apuzon,SELECT,CUSTOMERS,2020-01-06,09:59:52
PM,amaly,LOGON,none,2020-01-06,10:00:08
PM,sbaszel,INSERT,CLIENTS,2020-01-06,10:00:47
SALES,app,UPDATE,ORDERS,2020-01-06,10:01:40
PM,ktarnows,LOGOFF,none,2020-01-06,10:01:56
SALES,aosinska,UPDATE,PRODUCTS,2020-01-06,10:01:59
SALES,gnyski,SELECT,PRODUCTS,2020-01-06,10:04:46
PM,mszkopianski,LOGOFF,none,2020-01-06,10:05:07
PM,amaly,LOGON,none,2020-01-06,10:07:29
PM,mwarzycha,LOGOFF,none,2020-01-06,10:09:16
PM,anowotworski,INSERT,PAYMENTS,2020-01-06,10:09:33
PM,gostrow,CREATE ROLE,none,2020-01-06,10:11:36
PM,ktarnows,DELETE,PROJECT_STATUS,2020-01-06,10:11:51
PM,zfenicki,ALTER,PROJECT_TYPE,2020-01-06,10:12:49
PM,rbielik,INSERT,PAYMENTS,2020-01-06,10:12:57
PM,ktarnows,SELECT,ASSIGNMENTS,2020-01-06,10:13:35
SALES,mszkopianski,UPDATE,WAREHOUSES,2020-01-06,10:14:32
PM,ktarnows,UPDATE,PAYMENTS,2020-01-06,10:14:46
PM,gostrow,INSERT,PAYMENTS,2020-01-06,10:15:30
SALES,app,UPDATE,WAREHOUSES,2020-01-06,10:16:44
SALES,pskala,SELECT,PRODUCTS,2020-01-06,10:16:46
PM,gostrow,LOGOFF,none,2020-01-06,10:18:02
PM,gnyski,UPDATE,PAYMENTS,2020-01-06,10:18:22
PM,sbaszel,ALTER USER,none,2020-01-06,10:18:47
PM,ktarnows,DELETE,PROJECT_DETAILS,2020-01-06,10:19:04
PM,amaly,LOGON,none,2020-01-06,10:20:20
PM,jsmidt,LOGON,none,2020-01-06,10:20:38
PM,mwarzycha,SELECT,TASKS,2020-01-06,10:22:53
PM,ktarnows,UPDATE,CUSTOMERS,2020-01-06,10:24:19
PM,kuszka,LOGOFF,none,2020-01-06,10:24:27
PM,anowotworski,LOGOFF,none,2020-01-06,10:27:10
SALES,tlalka,UPDATE,PRODUCTS,2020-01-06,10:28:18
PM,app,LOGOFF,none,2020-01-06,10:28:38
PM,ktarnows,LOGOFF,none,2020-01-06,10:28:40
PM,gnyski,LOGOFF,none,2020-01-06,10:28:42
SALES,sbaszel,UPDATE,ORDERS,2020-01-06,10:28:43
PM,ktarnows,LOGOFF,none,2020-01-06,10:30:13
PM,sbaszel,SELECT,PAYMENTS,2020-01-06,10:30:50
PM,mjarcinska,LOGOFF,none,2020-01-06,10:33:27
PM,apuzon,UPDATE,PROJECT_DETAILS,2020-01-06,10:33:38
PM,rbielik,LOGOFF,none,2020-01-06,10:34:17
PM,aosinska,CREATE ROLE,none,2020-01-06,10:35:06
PM,aosinska,SELECT,TASKS,2020-01-06,10:35:33
PM,apuzon,LOGOFF,none,2020-01-06,10:35:35
PM,amaly,LOGON,none,2020-01-06,10:35:45
PM,aosinska,LOGOFF,none,2020-01-06,10:35:52
PM,anowotworski,LOGOFF,none,2020-01-06,10:36:24
PM,amaly,LOGON,none,2020-01-06,10:37:40
PM,kespiel,DELETE,EXPERIENCES,2020-01-06,10:39:30
PM,zfenicki,SELECT,CUSTOMERS,2020-01-06,10:39:50
PM,aosinska,LOGOFF,none,2020-01-06,10:39:56
PM,zfenicki,INSERT,PAYMENTS,2020-01-06,10:40:07
PM,zfenicki,SELECT,CUSTOMERS,2020-01-06,10:43:26
SALES,app,INSERT,WAREHOUSES,2020-01-06,10:43:50
PM,sbaszel,LOGOFF,none,2020-01-06,10:44:43
PM,app,LOGOFF,none,2020-01-06,10:45:47
PM,kuszka,DELETE,ASSIGNMENTS,2020-01-06,10:47:33
SALES,aosinska,SELECT,ORDERS,2020-01-06,10:48:16
SALES,app,INSERT,WAREHOUSES,2020-01-06,10:48:30
SALES,gnyski,SELECT,ORDERS,2020-01-06,10:49:04
PM,mwarzycha,UPDATE,PROJECT_TYPE,2020-01-06,10:50:27
PM,pskala,LOGOFF,none,2020-01-06,10:51:06
PM,app,LOGOFF,none,2020-01-06,10:52:45
SALES,mszkopianski,INSERT,ORDERS,2020-01-06,10:54:17
PM,mjarcinska,INSERT,CLIENTS,2020-01-06,10:57:45
PM,aosinska,LOGOFF,none,2020-01-06,10:57:46
SALES,mwarzycha,UPDATE,WAREHOUSES,2020-01-06,10:57:52
PM,amaly,LOGON,none,2020-01-06,10:59:55
PM,apuzon,LOGOFF,none,2020-01-06,11:02:59
PM,kespiel,SELECT,TASKS,2020-01-06,11:03:43
PM,apuzon,LOGOFF,none,2020-01-06,11:04:21
PM,zkrepy,LOGON,none,2020-01-06,11:04:45
PM,sbaszel,LOGOFF,none,2020-01-06,11:05:36
SALES,mjarcinska,UPDATE,ORDERS,2020-01-06,11:07:10
PM,ktarnows,SELECT,ASSIGNMENTS,2020-01-06,11:09:00
SALES,ktarnows,SELECT,PRODUCTS,2020-01-06,11:10:26
PM,gostrow,UPDATE,PAYMENTS,2020-01-06,11:11:29
SALES,mszkopianski,INSERT,DISTRIBUTORS,2020-01-06,11:11:45
PM,amaly,LOGON,none,2020-01-06,11:12:42
PM,gnyski,INSERT,PAYMENTS,2020-01-06,11:14:00
SALES,mwyjko,SELECT,ORDERS,2020-01-06,11:14:08
PM,amaly,LOGON,none,2020-01-06,11:14:59
PM,sbaszel,LOGOFF,none,2020-01-06,11:15:23
PM,ktarnows,UPDATE,ASSIGNMENTS,2020-01-06,11:15:25
PM,zkrepy,LOGON,none,2020-01-06,11:15:35
PM,app,SELECT,TASKS,2020-01-06,11:15:41
PM,aosinska,SET ROLE,none,2020-01-06,11:15:47
PM,sbaszel,UPDATE,PAYMENTS,2020-01-06,11:18:00
PM,sbaszel,UPDATE,PROJECT_CATEGORY,2020-01-06,11:18:00
SALES,apuzon,SELECT,PRODUCTS,2020-01-06,11:18:36
PM,app,SET ROLE,none,2020-01-06,11:19:12
PM,jsmidt,LOGON,none,2020-01-06,11:20:26
PM,amaly,LOGON,none,2020-01-06,11:20:36
PM,app,SELECT,PROJECT_TYPE,2020-01-06,11:21:19
PM,mwarzycha,LOGOFF,none,2020-01-06,11:21:31
SALES,kespiel,SELECT,ORDERS,2020-01-06,11:24:58
PM,amaly,LOGON,none,2020-01-06,11:25:47
SALES,mjarcinska,SELECT,PRODUCTS,2020-01-06,11:25:59
PM,ktarnows,UPDATE,DIVISIONS,2020-01-06,11:25:59
PM,sbaszel,LOGOFF,none,2020-01-06,11:26:33
PM,mszkopianski,SELECT,ASSIGNMENTS,2020-01-06,11:27:31
PM,kespiel,UPDATE,PROJECTS,2020-01-06,11:28:24
PM,aosinska,LOGOFF,none,2020-01-06,11:28:27
SALES,aosinska,INSERT,WAREHOUSES,2020-01-06,11:29:07
PM,mszkopianski,SELECT,CUSTOMERS,2020-01-06,11:29:32
PM,ktarnows,UPDATE,SKILLS,2020-01-06,11:29:53
PM,mwarzycha,LOGOFF,none,2020-01-06,11:29:56
PM,adynka,INSERT,PROJECT_TYPE,2020-01-06,11:30:14
SALES,aosinska,INSERT,ORDERS,2020-01-06,11:32:05
PM,pskala,ALTER USER,none,2020-01-06,11:33:21
SALES,app,SELECT,ORDERS,2020-01-06,11:33:23
SALES,ktarnows,INSERT,WAREHOUSES,2020-01-06,11:33:45
SALES,gostrow,SELECT,DISTRIBUTORS,2020-01-06,11:34:00
PM,zfenicki,LOGOFF,none,2020-01-06,11:35:14
SALES,apuzon,SELECT,DISTRIBUTORS,2020-01-06,11:36:58
SALES,apuzon,UPDATE,WAREHOUSES,2020-01-06,11:37:53
PM,apuzon,ALTER USER,none,2020-01-06,11:38:11
SALES,app,DELETE,WAREHOUSES,2020-01-06,11:38:19
PM,gostrow,CREATE ROLE,none,2020-01-06,11:38:22
PM,anowotworski,LOGOFF,none,2020-01-06,11:41:07
PM,gostrow,INSERT,PROJECTS,2020-01-06,11:42:12
PM,adynka,UPDATE,SKILLS,2020-01-06,11:42:16
PM,adynka,DROP USER,none,2020-01-06,11:42:44
SALES,ktarnows,SELECT,WAREHOUSES,2020-01-06,11:43:11
PM,zfenicki,DELETE,EXPERIENCES,2020-01-06,11:45:46
PM,kuszka,UPDATE,PROJECT_DETAILS,2020-01-06,11:45:49
PM,gostrow,SELECT,ASSIGNMENTS,2020-01-06,11:46:19
PM,amaly,LOGON,none,2020-01-06,11:48:42
PM,rbielik,DELETE,PAYMENTS,2020-01-06,11:49:05
PM,gostrow,LOGOFF,none,2020-01-06,11:49:33
SALES,mjarcinska,UPDATE,ORDERS,2020-01-06,11:49:49
PM,mwarzycha,LOGOFF,none,2020-01-06,11:50:05
PM,amaly,LOGON,none,2020-01-06,11:50:12
PM,sbaszel,LOGOFF,none,2020-01-06,11:50:32
PM,aosinska,SELECT,SKILLS,2020-01-06,11:51:08
PM,apuzon,SET ROLE,none,2020-01-06,11:53:16
PM,app,LOGOFF,none,2020-01-06,11:53:34
PM,aosinska,LOGOFF,none,2020-01-06,11:53:38
SALES,apuzon,INSERT,WAREHOUSES,2020-01-06,11:56:10
SALES,ktarnows,SELECT,ORDERS,2020-01-06,11:59:23
PM,amaly,LOGON,none,2020-01-06,11:59:31
PM,gnyski,LOGOFF,none,2020-01-06,11:59:46
PM,mwarzycha,LOGOFF,none,2020-01-06,11:59:46
PM,mjarcinska,UPDATE,DEPARTMENTS,2020-01-06,12:02:56
PM,rbielik,LOGOFF,none,2020-01-06,12:02:57
PM,apuzon,SELECT,EMPLOYEES,2020-01-06,12:03:37
PM,mwarzycha,LOGOFF,none,2020-01-06,12:06:43
PM,apuzon,INSERT,ASSIGNMENTS,2020-01-06,12:08:23
PM,app,LOGOFF,none,2020-01-06,12:09:18
SALES,rbielik,DELETE,DISTRIBUTORS,2020-01-06,12:10:56
PM,mwarzycha,INSERT,PAYMENTS,2020-01-06,12:10:56
PM,sbaszel,LOGOFF,none,2020-01-06,12:11:06
SALES,mwyjko,SELECT,WAREHOUSES,2020-01-06,12:11:43
SALES,mwyjko,SELECT,ORDERS,2020-01-06,12:12:28
PM,zfenicki,LOGOFF,none,2020-01-06,12:13:20
PM,zfenicki,SELECT,ASSIGNMENTS,2020-01-06,12:13:32
PM,apuzon,LOGOFF,none,2020-01-06,12:13:34
PM,amaly,LOGON,none,2020-01-06,12:13:42
SALES,mwyjko,DELETE,ORDERS,2020-01-06,12:14:11
PM,kespiel,SELECT,TASKS,2020-01-06,12:15:47
PM,zkrepy,LOGON,none,2020-01-06,12:15:50
PM,app,LOGOFF,none,2020-01-06,12:16:01
PM,jsmidt,LOGON,none,2020-01-06,12:16:06
PM,adynka,LOGOFF,none,2020-01-06,12:16:17
PM,amaly,LOGON,none,2020-01-06,12:16:20
PM,mwarzycha,LOGOFF,none,2020-01-06,12:16:47
SALES,pskala,SELECT,DISTRIBUTORS,2020-01-06,12:17:54
PM,pskala,LOGOFF,none,2020-01-06,12:18:55
PM,kuszka,SELECT,PAYMENTS,2020-01-06,12:18:56
PM,sbaszel,UPDATE,PAYMENTS,2020-01-06,12:19:01
SALES,ktarnows,INSERT,ORDERS,2020-01-06,12:19:22
PM,aosinska,INSERT,TASKS,2020-01-06,12:23:00
SALES,mwarzycha,INSERT,ORDERS,2020-01-06,12:24:56
SALES,mwarzycha,DELETE,ORDERS,2020-01-06,12:25:32
SALES,mwyjko,ALTER,DISTRIBUTORS,2020-01-06,12:25:44
PM,anowotworski,LOGOFF,none,2020-01-06,12:27:11
PM,apuzon,INSERT,CLIENTS,2020-01-06,12:27:37
PM,zfenicki,INSERT,PAYMENTS,2020-01-06,12:27:42
PM,amaly,LOGON,none,2020-01-06,12:29:12
PM,mjarcinska,SELECT,TASKS,2020-01-06,12:30:01
PM,ktarnows,DELETE,CUSTOMERS,2020-01-06,12:30:32
SALES,mwarzycha,SELECT,PRODUCTS,2020-01-06,12:32:02
PM,zkrepy,LOGON,none,2020-01-06,12:32:05
PM,mwarzycha,DROP USER,none,2020-01-06,12:32:12
PM,amaly,LOGON,none,2020-01-06,12:35:22
PM,mszkopianski,LOGOFF,none,2020-01-06,12:35:44
SALES,app,SELECT,WAREHOUSES,2020-01-06,12:36:19
PM,kespiel,LOGOFF,none,2020-01-06,12:36:30
PM,adynka,LOGOFF,none,2020-01-06,12:39:43
PM,sbaszel,LOGOFF,none,2020-01-06,12:39:56
PM,sbaszel,UPDATE,PROJECT_TYPE,2020-01-06,12:41:18
SALES,mjarcinska,INSERT,ORDERS,2020-01-06,12:42:10
PM,app,SELECT,TASKS,2020-01-06,12:42:58
PM,sbaszel,SELECT,ASSIGNMENTS,2020-01-06,12:43:22
PM,mwyjko,LOGOFF,none,2020-01-06,12:45:18
PM,amaly,LOGON,none,2020-01-06,12:46:52
PM,gostrow,CREATE ROLE,none,2020-01-06,12:49:19
PM,ktarnows,INSERT,EXPERIENCES,2020-01-06,12:50:59
SALES,gostrow,SELECT,PRODUCTS,2020-01-06,12:51:47
PM,amaly,LOGON,none,2020-01-06,12:52:03
PM,mwarzycha,SELECT,CUSTOMERS,2020-01-06,12:52:13
PM,kuszka,LOGOFF,none,2020-01-06,12:52:13
PM,aosinska,LOGOFF,none,2020-01-06,12:52:37
PM,mwarzycha,LOGOFF,none,2020-01-06,12:56:33
PM,ktarnows,LOGOFF,none,2020-01-06,12:57:57
PM,kespiel,INSERT,DIVISIONS,2020-01-06,12:58:56
PM,amaly,LOGON,none,2020-01-06,12:59:07
PM,mwarzycha,LOGOFF,none,2020-01-06,12:59:42
PM,gnyski,LOGOFF,none,2020-01-06,13:01:28
SALES,sbaszel,UPDATE,WAREHOUSES,2020-01-06,13:01:39
PM,mszkopianski,SELECT,TASKS,2020-01-06,13:03:46
SALES,mwyjko,SELECT,ORDERS,2020-01-06,13:03:59
PM,app,LOGOFF,none,2020-01-06,13:04:22
PM,gnyski,LOGOFF,none,2020-01-06,13:04:43
PM,amaly,LOGON,none,2020-01-06,13:05:01
SALES,mwarzycha,ALTER,DISTRIBUTORS,2020-01-06,13:05:16
SALES,mszkopianski,UPDATE,WAREHOUSES,2020-01-06,13:06:42
PM,app,LOGOFF,none,2020-01-06,13:06:59
PM,apuzon,SELECT,DEPARTMENTS,2020-01-06,13:07:04
PM,apuzon,LOGOFF,none,2020-01-06,13:07:37
PM,kuszka,DELETE,PAYMENTS,2020-01-06,13:07:41
SALES,mwarzycha,SELECT,WAREHOUSES,2020-01-06,13:08:50
PM,sbaszel,LOGOFF,none,2020-01-06,13:11:29
